coffee_id,order_id
3,848
4,699
2,3442
9,3136
5,3593
3,331
6,258
5,3041
2,1305
2,2230
3,1948
4,3402
3,1981
6,702
6,3359
1,9
9,2854
1,305
3,2080
1,3076
9,567
2,1438
6,1654
9,2269
3,3721
4,3743
2,543
9,3104
7,3727
8,781
4,3528
2,2286
7,1426
4,3000
2,851
6,2862
2,196
4,1872
6,2715
1,730
1,3642
2,1844
1,812
2,2364
1,2264
8,1523
9,1990
5,2576
8,3000
1,3119
7,567
6,2001
5,3245
7,2
5,3285
3,3132
2,3256
7,1153
6,1622
7,1987
9,3396
5,556
2,3586
6,3215
1,670
6,897
6,2419
3,2223
9,422
5,798
2,2106
8,415
7,3481
7,676
6,3547
3,3666
9,2872
5,2245
6,2739
3,3401
5,3357
1,1493
5,2253
4,2655
5,738
5,3034
2,64
4,1470
9,1592
8,721
3,959
7,247
7,3743
9,916
6,3028
1,3145
1,1242
7,280
7,2924
7,3408
7,1915
5,1104
2,3300
2,3339
7,1836
8,3554
4,2757
7,1299
4,153
7,1419
7,1347
7,2053
1,2697
5,3353
4,3584
2,2572
9,1071
9,429
5,1688
8,2892
8,1169
6,2458
1,2844
8,3540
3,3423
2,275
6,2384
8,1035
1,2747
1,2764
2,1155
1,1178
5,3412
7,2444
7,2355
1,1555
7,1851
8,63
9,658
5,2051
1,2826
6,1263
5,2292
3,3465
1,2982
8,2991
2,2190
1,3458
7,1636
2,3201
9,2536
4,91
4,400
5,112
7,93
2,784
3,1081
9,1074
2,390
7,725
9,2982
8,113
1,1543
6,2021
1,3426
7,3305
6,1568
6,2616
4,2813
1,1868
8,2003
5,2127
7,2793
6,42
7,1435
8,2654
3,2437
5,3705
7,3394
3,1830
2,1250
7,850
3,1941
2,1572
5,221
2,1960
4,30
4,1884
6,1856
8,1862
5,1566
4,1545
5,2429
4,2483
7,2747
9,872
1,421
1,3565
1,2277
1,354
1,2312
9,118
7,1285
1,1846
6,1245
8,1528
3,1076
2,95
6,1724
7,223
2,997
1,2040
7,2376
2,2361
1,2274
2,378
2,2483
4,1081
9,292
4,1055
8,2047
8,1847
5,3300
5,2402
6,2274
4,497
8,3169
7,3422
1,1397
5,2619
3,282
3,2578
1,1556
6,2010
8,1390
1,1963
8,3553
5,1021
6,3553
8,516
6,705
1,1393
8,266
2,1021
6,1774
5,1410
1,2212
2,3080
7,506
4,2863
6,2485
2,2355
3,2386
8,1139
8,2163
7,2256
3,3146
7,2734
2,141
4,1557
4,706
5,2579
1,713
3,186
9,3361
1,3372
9,2688
9,2966
2,3567
6,918
2,13
3,3373
8,2324
5,2847
6,1606
5,231
7,1094
1,2886
4,3498
1,1563
9,1185
9,2669
5,1080
4,1049
1,2522
8,3230
8,2492
8,3093
3,3081
6,2924
8,2216
6,2062
5,3655
2,2667
5,3377
9,1292
6,218
3,1253
6,3191
4,1236
9,3367
7,1920
5,2497
1,3698
9,1663
6,1148
3,2618
2,434
7,2274
8,447
8,1224
9,3441
9,1455
5,2208
9,2648
3,986
7,3407
2,2580
9,1767
5,3194
6,2298
4,1083
7,2569
4,2975
2,3620
3,2575
8,2222
4,491
8,3108
9,3702
1,3566
9,1108
5,1972
8,15
3,1871
2,1841
3,293
4,1822
5,1687
2,1542
6,361
1,3646
4,583
1,543
5,114
6,1964
9,2040
5,1415
9,120
9,3056
6,3384
3,2392
9,1764
9,190
7,2078
8,2519
3,2531
1,2980
8,1890
6,1694
7,3747
2,2042
8,1316
2,3417
6,3374
8,1118
4,2072
1,2706
6,1392
1,1914
8,1789
4,3036
7,1091
3,1795
9,1170
8,1897
1,3481
2,2643
3,1221
9,1688
6,2979
8,1778
7,42
1,3397
2,1165
8,1761
9,1227
9,3624
5,3162
1,1231
5,1709
2,138
1,628
1,2717
9,2650
5,1202
6,2542
7,802
1,1413
1,3010
6,3542
6,1262
4,424
6,2898
9,1297
2,3538
4,3106
9,1131
9,736
5,1071
2,458
2,662
7,2566
8,35
2,3338
5,3175
4,641
4,2619
2,1164
9,3408
3,2370
9,2562
5,764
4,3679
1,546
5,2735
6,139
5,1205
3,3271
2,1085
8,1775
6,732
5,2233
5,943
8,2683
6,2105
4,368
2,2384
9,632
7,2394
2,2756
1,3328
8,2131
3,3212
6,2260
9,3122
3,1519
9,540
5,1868
8,3040
3,692
7,513
6,2015
4,2363
8,2804
3,288
4,1900
5,2771
9,2243
4,3659
7,1243
5,3273
9,132
2,2449
4,2942
2,1439
1,571
3,1532
8,2782
3,3332
4,409
2,225
1,3703
7,3026
7,2544
8,679
4,873
5,393
7,266
3,2035
1,700
7,2865
7,3577
9,1588
3,3334
2,515
7,1835
3,484
8,1317
5,527
6,2549
3,1651
5,2283
2,2847
7,379
5,2561
5,3074
2,2587
3,2458
8,2831
2,1107
9,2874
3,458
4,2311
2,3484
6,3748
6,2719
9,3295
9,71
7,294
9,3545
8,2367
6,3294
5,2505
1,376
8,886
6,156
8,153
3,1098
6,2598
8,1568
6,1173
3,1264
4,3483
6,2727
1,3587
9,441
2,2056
3,1092
2,2002
3,1457
2,1303
9,2414
8,1503
1,460
1,2450
5,992
4,3185
4,2310
7,2162
4,2405
3,2501
7,1056
4,2540
9,1585
4,3335
5,2190
8,1159
6,2801
8,3744
8,2686
4,1354
3,1577
2,2834
2,3544
4,3534
6,2608
5,2382
1,62
2,49
6,1778
8,3144
9,1413
8,2056
3,246
8,2918
4,1405
5,3513
3,2787
3,1209
5,144
8,1028
7,1013
6,647
2,1005
5,1237
5,1302
3,2740
4,2218
2,964
6,2137
4,329
1,2723
8,2115
3,3076
4,1965
1,3470
4,744
3,1926
3,971
9,3485
6,2232
3,3653
3,3194
8,1993
3,3676
9,3246
3,885
9,2126
8,2808
8,1132
4,1512
1,1084
4,1653
4,1886
5,855
2,2948
5,328
1,3318
3,558
2,1190
9,554
3,2023
8,2783
3,1724
5,3138
2,2655
6,1775
9,3458
8,3628
6,217
1,3568
4,1026
9,3066
3,1881
1,501
2,3016
8,1838
8,2829
5,3181
2,270
2,2545
5,3174
9,3258
1,3248
3,1447
6,91
9,376
3,3534
8,2434
4,2012
1,185
9,23
4,104
7,2707
2,104
9,1087
3,162
6,741
1,1024
6,2503
5,1296
8,960
5,3014
7,3553
3,372
6,3039
5,1087
3,865
9,89
6,2776
1,90
5,2921
6,1288
1,2
9,1012
3,3527
5,3678
1,2449
4,3023
9,3210
6,435
8,1920
8,523
3,1958
4,895
3,1482
1,3575
3,1286
7,1788
2,115
1,2690
9,3121
5,1558
8,2281
8,2879
3,3211
2,842
6,3099
6,1311
6,2163
6,472
9,1892
2,3728
3,758
9,1625
8,1853
9,2330
5,1655
5,2703
9,2563
3,1671
3,1450
6,2980
3,503
7,662
9,2142
4,332
3,2268
4,285
3,1438
7,149
5,3481
5,2858
3,2373
7,692
2,3253
3,952
6,3036
1,1717
8,90
5,2939
2,2180
5,577
9,2438
1,622
1,3375
5,1470
1,2413
4,2999
5,161
5,928
7,537
8,2866
1,2791
2,3129
3,1366
4,2553
1,2117
1,2076
6,1845
4,3724
6,2184
5,1621
5,515
8,3537
1,114
9,1034
2,736
7,1865
6,3187
3,3439
4,1402
9,408
5,2431
7,3088
9,756
3,2140
8,3109
8,1221
1,1900
3,3553
2,3146
8,3285
3,3640
4,1324
2,2665
2,2027
8,858
8,672
9,2172
2,1593
9,892
8,2082
1,494
4,1358
1,377
3,155
1,1092
9,839
6,1014
9,976
6,860
9,3017
6,2484
1,3407
9,2065
7,1433
2,3469
7,2336
5,9
5,636
3,1741
1,2894
5,3128
4,2924
7,549
9,2193
4,2956
3,467
5,2518
4,2556
8,1286
2,1853
9,1445
6,2399
9,3372
1,2918
1,357
6,3704
1,1664
8,3567
1,821
7,931
7,1841
4,3306
4,1829
8,1380
9,2894
9,3738
5,1923
4,3546
2,486
8,1102
1,980
2,1256
4,263
3,1752
2,3700
4,3678
1,1462
6,339
9,2550
7,3273
3,672
7,316
7,2368
5,3227
6,3507
9,3617
6,1966
3,3394
1,2866
1,3099
6,3491
5,2842
6,110
5,3351
5,361
8,1294
3,3642
4,2609
4,3471
5,284
5,1493
9,1545
2,3395
7,2750
4,2895
9,2929
9,1539
7,861
2,2748
7,3265
8,2259
7,2745
6,1609
4,3020
5,146
3,2099
3,1474
7,3264
1,232
2,2432
1,1836
3,2498
3,2622
6,2372
9,1309
8,1776
7,728
5,126
2,581
1,3715
1,2217
4,2598
9,56
3,1375
6,387
5,3674
3,1215
5,3196
6,3295
1,341
3,1634
3,2778
6,265
4,3634
1,102
6,2740
6,651
6,43
8,1565
5,3182
6,1634
4,726
7,965
1,3478
8,26
4,1373
9,2678
2,3576
4,1161
2,2700
5,488
6,2867
7,2332
1,1884
8,3723
3,2059
4,115
6,977
7,2472
7,2493
7,391
9,2234
8,2600
4,623
7,55
2,101
7,322
7,1703
7,3419
2,3451
1,223
1,818
9,179
1,375
5,3288
2,2573
9,828
6,626
5,2223
7,1606
2,3440
1,1663
1,2121
6,827
5,2525
6,3208
1,1910
1,1876
5,3314
3,2654
1,769
4,705
6,1947
4,364
1,1985
5,3597
7,3165
7,1988
5,2134
4,1192
1,1804
1,2744
3,803
6,659
9,2315
8,2526
7,1892
1,3592
7,53
4,3272
4,1702
7,961
8,3713
1,3202
9,3652
6,300
6,484
5,1394
7,2360
7,441
6,2220
1,333
3,310
6,3695
8,1482
4,943
1,248
2,718
1,1192
9,8
3,2263
9,419
9,1042
4,2330
8,3017
3,1615
8,1644
2,2133
4,3472
5,748
4,2531
2,2566
5,3356
3,1337
9,1230
1,716
2,3414
3,3238
2,2535
6,332
6,2381
4,1906
8,2992
2,969
3,426
2,2551
4,2831
6,2368
9,1386
4,666
7,1750
3,1547
7,2994
1,1681
4,3073
1,551
3,3054
5,254
7,3176
9,1187
8,110
5,739
3,33
9,2127
4,809
1,3724
5,891
1,2129
5,804
6,898
6,3559
4,509
4,2379
9,2862
2,3179
2,3221
9,3483
7,806
9,3559
6,1607
6,1536
4,2322
9,643
6,722
9,2290
5,78
2,52
3,2507
3,3140
5,566
8,2839
6,402
5,2582
5,3043
1,3305
8,3569
4,838
4,2145
6,2634
5,2451
7,2140
9,2857
8,1559
5,960
2,2692
1,2671
4,1718
2,615
4,3209
5,2004
5,2593
9,1847
3,2413
6,731
6,2391
5,1560
1,1886
3,475
1,891
8,1296
5,984
3,1975
6,2706
6,1335
3,1864
8,2842
3,1628
9,1175
4,3254
8,1924
5,2563
1,3055
4,308
7,3381
7,939
9,1097
9,1286
2,1320
7,2663
4,2533
7,540
8,3735
8,1685
6,3348
5,2698
7,1698
3,1920
6,3595
7,2940
1,3512
4,245
3,2621
4,1888
4,1518
4,1899
1,1925
2,2408
9,729
4,907
5,3658
3,2149
6,3047
8,2769
4,521
8,1041
2,3453
1,2215
7,1159
7,2311
4,3104
5,1898
1,3154
8,1431
3,2513
3,1977
3,577
9,1411
7,975
5,1577
7,909
8,811
3,3608
8,246
2,178
1,1866
8,3595
4,3111
2,3079
8,1870
6,3637
2,1729
2,1304
3,2479
6,895
2,1072
6,1115
2,619
6,624
7,2358
5,3379
1,1871
2,3681
2,1088
9,127
7,3136
7,3564
1,1535
4,3245
6,1449
9,484
4,2031
5,959
2,2182
7,3357
8,3202
3,3154
3,434
5,911
2,2828
1,3641
5,2667
2,1891
6,778
9,1166
9,1846
6,1705
8,3030
1,626
7,1281
7,3376
5,2825
4,1624
8,2081
6,3033
5,3649
7,265
9,991
7,124
5,3441
7,1252
2,160
4,2650
5,379
8,749
8,2359
2,2864
9,936
6,3710
5,1668
9,1331
2,2538
9,1283
5,1445
2,1652
5,53
7,67
1,428
3,3632
1,1426
7,2425
2,449
7,3387
4,3034
2,3479
5,1483
3,1004
6,3604
4,1547
1,3559
3,1546
4,1938
4,3668
2,996
5,10
3,2998
3,2520
1,1485
7,2293
7,2862
7,1253
7,2894
4,449
3,1995
8,3341
8,7
7,1548
7,3716
1,1940
1,1722
6,2965
3,1231
7,2441
5,3381
4,859
9,1591
7,167
6,2074
8,1881
7,1944
6,2115
1,1455
6,1748
9,2506
5,1293
8,1511
4,2836
5,692
5,3315
1,3718
3,58
7,1270
8,805
7,405
2,1274
9,3436
3,766
4,1300
3,3145
3,3029
5,802
3,1559
4,9
7,3329
1,20
5,1030
4,2766
5,3561
9,384
2,2563
6,2093
6,493
8,1799
2,2468
8,3658
8,592
6,1541
8,921
1,783
7,2998
1,3635
8,1780
5,2166
2,2872
6,3300
6,140
8,243
8,515
4,758
8,718
9,83
1,710
3,1622
1,16
3,1012
7,1379
1,1710
1,3517
7,713
6,3326
1,1661
7,3166
6,1790
6,3094
4,1035
4,341
9,1775
7,1595
6,2825
4,833
6,3375
5,2157
9,1060
1,2920
2,182
6,427
7,1023
3,870
9,497
6,3739
6,3548
1,1446
4,27
5,2749
4,1727
3,446
5,1164
7,2877
8,1755
7,2540
3,695
1,1728
7,3659
4,2881
6,921
8,1252
2,728
1,2338
8,683
4,1649
2,384
8,2972
5,1534
4,1652
8,1059
3,254
7,249
5,2773
1,2263
5,892
5,1578
4,258
1,3390
9,3150
1,1843
7,1511
1,1769
2,461
1,848
8,2440
4,1429
7,1596
4,2986
3,2767
9,2009
2,3015
4,3118
7,632
5,261
2,2467
3,2082
2,1981
1,3663
3,2224
3,2934
5,1345
6,2620
7,2022
5,232
8,337
1,595
8,2513
6,953
9,2319
1,847
5,1848
4,1017
6,2301
9,2635
1,2216
5,797
9,513
6,1017
8,3621
3,2098
4,3025
9,2424
8,3146
1,1358
7,435
1,1953
6,385
7,562
4,2480
6,1888
2,443
7,3478
7,240
1,1617
4,1445
8,393
1,2961
4,1399
2,80
7,2280
1,1981
5,504
9,52
1,2504
5,2993
1,680
1,752
3,308
2,268
1,2773
5,998
7,3078
6,2496
6,2797
8,1072
7,832
6,1049
3,2135
4,1169
4,1610
4,376
8,1231
2,2441
7,2153
4,1077
3,2712
7,3698
7,1062
6,1369
5,849
7,2365
8,1397
2,167
9,2458
3,1449
5,637
4,3581
1,2044
9,191
4,645
7,3271
4,1873
8,2311
4,3214
8,2574
1,3029
6,2893
3,3672
9,1497
9,978
8,984
2,1030
1,213
3,1774
6,2721
4,270
9,3308
4,510
5,1734
2,946
9,1129
5,3163
1,2644
5,320
7,1001
2,3473
4,766
2,312
4,1892
9,2131
9,728
3,1228
3,3570
1,104
1,3069
5,3613
5,1966
7,1246
1,1093
3,3163
3,3138
6,514
2,3000
8,1855
1,1101
9,851
9,1940
3,3137
9,665
3,2074
9,2729
4,268
9,1429
1,659
1,629
4,2424
3,2364
7,3021
9,555
1,2689
4,671
2,339
1,1380
9,3426
7,3051
3,2636
7,1158
7,2842
8,2469
9,1300
4,3298
8,2045
2,1194
8,1966
2,1158
1,3264
5,788
9,37
8,1949
9,1651
3,247
9,301
6,3144
6,19
3,1240
9,3114
5,832
7,966
1,813
3,3718
3,203
7,123
3,833
3,389
2,1767
2,2216
6,1057
3,2936
9,1852
8,3428
3,3235
2,3542
5,1725
2,2021
8,3489
9,3243
8,2125
9,613
5,2653
6,744
7,3089
3,1265
2,2863
9,2721
5,2212
3,429
1,2818
3,2541
1,1845
3,65
9,2602
9,1466
7,1500
2,2370
6,3618
6,2428
4,3707
5,1973
8,3548
6,800
5,1149
8,780
3,27
6,2109
2,1733
9,2923
5,3562
9,3292
8,3707
7,1399
4,2771
6,3204
6,477
7,2610
5,2816
1,3205
9,2590
4,3326
9,3487
9,319
2,1557
7,3306
1,1220
8,1333
1,1223
4,730
9,428
1,130
5,125
6,1021
2,67
1,933
4,1995
9,3494
8,879
9,3557
8,2962
4,2721
7,899
7,1782
4,1722
2,1346
9,2789
6,169
6,1441
9,2760
8,1728
8,3015
6,1018
5,632
2,1880
5,2886
4,2044
4,219
6,3055
3,3037
2,3329
7,3409
9,2184
8,1389
4,8
5,3697
9,2030
3,1464
4,2785
8,2361
7,2742
2,3087
3,1168
2,134
8,1200
7,81
9,1155
5,3003
5,3151
2,1825
6,925
6,136
2,1198
6,228
8,3432
6,2564
8,87
8,599
8,1906
3,479
9,2710
3,2298
6,2501
1,2048
8,3136
7,1117
8,278
5,2683
9,1233
7,866
5,2664
4,774
6,760
9,3084
4,2631
2,432
1,882
1,2821
7,2615
1,1666
4,2240
7,2313
2,3306
6,3232
7,2509
7,287
7,116
3,1189
9,2066
5,1858
5,1078
8,475
9,515
2,2244
3,356
1,528
4,74
5,3132
9,1832
4,247
5,242
8,3173
7,1942
3,3104
4,2954
7,1497
5,2062
9,1806
8,1634
4,1558
7,3351
7,3697
5,332
5,2916
9,1755
1,1182
7,3623
4,1680
9,3255
6,7
6,3226
2,687
4,3701
9,3569
9,42
7,1664
6,1428
9,2547
3,1169
5,778
9,1452
2,2308
8,846
8,3253
6,1738
3,3354
7,2664
4,1932
5,2327
6,2780
8,3518
1,1186
9,848
3,1131
3,3445
7,2265
7,1888
8,867
5,1645
2,3042
2,814
1,82
7,1389
9,410
9,512
2,2278
6,2347
9,1243
2,914
3,1067
8,2994
2,3699
2,342
9,581
4,1846
8,421
2,1808
7,27
7,3308
2,3702
5,1995
8,549
9,1537
6,31
2,775
6,1313
3,3233
2,2235
3,1025
3,3229
8,3450
2,1515
9,2164
1,1020
5,2184
3,2756
3,1888
3,2180
6,2261
5,2547
3,3443
7,1663
6,3302
9,3346
9,570
6,3415
6,2430
2,3646
1,2460
3,1892
5,563
4,2701
2,3618
9,2778
4,404
6,1588
3,3010
4,2485
2,1513
4,2722
9,1955
2,1859
2,3145
2,994
1,941
2,1605
2,65
7,539
1,3699
7,935
2,1396
3,808
4,3396
8,1341
7,1415
5,1317
4,3303
4,281
3,148
3,454
5,1511
1,2971
2,565
8,3427
1,1058
3,1037
4,1314
5,2716
7,489
3,36
3,3352
5,1623
4,603
2,2051
6,250
6,3044
9,3006
1,3700
2,2333
6,2073
6,3145
7,3523
5,1800
8,456
5,638
9,106
4,659
6,150
8,442
6,1977
2,444
3,601
8,1198
5,1037
1,2499
1,2888
7,826
5,3086
9,1327
9,1447
3,3703
4,2925
8,823
6,3210
1,3493
2,1594
5,1341
3,3181
5,2975
9,2622
7,1839
7,593
3,3650
6,2011
2,2795
9,3051
7,273
9,2994
2,2673
2,2272
5,3011
6,644
6,2625
2,2940
9,1037
9,604
1,873
7,3002
1,1813
3,3430
5,2049
6,3061
6,181
9,2238
3,32
3,750
8,1339
3,1524
5,3160
4,1248
3,797
7,3428
8,1024
7,2440
8,1036
4,454
1,2023
8,291
3,795
1,3667
4,210
9,1385
5,3712
8,34
7,1474
7,1396
9,1145
7,68
6,2086
3,501
7,2986
8,2655
4,3211
7,917
1,178
2,1611
5,2568
2,1699
5,3089
8,680
2,3408
1,611
1,2763
6,1737
6,1380
9,3042
7,1733
6,2896
3,1152
7,2325
1,3204
2,2435
9,1996
6,2879
8,2700
8,3742
4,2403
6,371
3,3253
9,530
1,2659
1,3563
4,2834
5,366
4,2314
8,1796
8,2735
2,3411
1,2094
4,3131
3,3188
1,1626
8,3631
2,2707
4,340
1,806
3,582
3,1775
9,3636
9,2108
1,3639
6,2413
3,1621
5,2182
1,2118
9,684
1,2009
6,1672
4,1529
3,2793
9,1563
5,2573
6,444
5,2072
4,1450
5,1691
7,3370
7,2549
2,1552
3,3550
9,1793
2,3162
5,3372
7,140
3,2022
1,2601
4,1549
3,2682
5,406
3,559
6,1809
3,1486
7,1
5,3564
1,1459
8,3642
8,3267
2,674
3,3701
6,2149
5,1894
5,1977
1,983
8,2547
8,2086
5,1521
9,1396
5,1622
1,254
5,2372
3,1044
6,2276
9,2589
8,1805
2,2015
4,3425
6,680
4,2168
8,422
2,456
5,1213
8,1688
6,2336
2,3512
9,2471
8,1971
5,3241
4,2717
2,3579
4,1834
6,3034
1,2704
8,3128
4,2744
8,1452
8,1843
9,3153
8,1238
9,2613
8,1968
9,2139
4,2359
1,92
9,544
1,1744
8,3100
6,2098
2,3334
5,311
2,3065
8,3727
1,3132
7,2898
2,1057
3,1487
9,1047
9,3299
2,169
4,3717
1,2310
2,3124
6,794
2,2447
7,198
2,3664
2,949
8,2135
4,474
3,712
5,3340
3,2375
1,336
2,3136
8,2433
1,753
9,241
5,597
4,241
4,2170
7,855
9,189
2,2784
4,3538
4,3577
1,1425
9,3081
4,2242
9,3180
1,3317
3,1088
3,2393
3,433
6,2374
7,1707
2,1640
4,995
4,1972
5,2507
3,2183
9,3679
1,2197
6,188
8,1598
6,245
4,1609
2,2647
7,1413
9,1977
3,3697
4,2691
4,2688
4,2147
1,446
7,3240
1,1999
3,824
7,1049
2,1160
8,1563
4,3612
1,2726
3,1836
3,1365
4,765
8,2634
4,973
9,750
1,1874
4,255
6,478
5,2688
5,3281
6,2490
3,1454
8,2084
9,3291
2,3468
1,1889
8,2052
6,2833
5,3745
4,2053
3,418
3,206
4,3359
3,28
1,1222
2,2713
1,2172
2,3558
9,1544
7,3425
6,3172
3,939
4,1079
4,2299
8,2584
1,116
6,3098
1,1851
1,2496
4,181
6,401
1,1723
4,836
7,2449
9,2419
7,254
8,1162
9,2967
3,2970
5,1599
3,2056
8,427
4,2421
8,2698
5,123
1,2928
1,2897
1,1368
6,2421
7,423
8,50
3,2950
4,1237
9,143
7,225
8,2835
4,1126
3,2148
2,2168
9,353
5,3670
6,3573
3,378
7,759
4,1205
2,2946
9,941
1,94
1,770
8,1997
7,262
3,3398
2,817
6,604
4,2499
6,3129
5,1672
8,2458
2,682
9,2100
6,1213
9,3133
2,2619
1,1431
8,2912
8,1599
2,485
7,3356
6,1084
5,918
7,3147
6,30
7,2134
7,2634
3,2747
1,2057
5,1357
9,2011
9,586
3,359
8,753
7,635
6,460
3,806
2,3382
9,1451
9,1875
1,1572
5,3238
4,884
2,195
9,1294
3,2629
6,3043
6,1590
6,3132
7,1859
8,215
2,3085
7,440
4,773
6,1487
9,1774
4,3610
4,1030
6,3485
8,782
2,1872
9,3343
7,2851
7,1220
7,3353
3,696
6,3494
6,1556
3,579
4,2679
1,179
6,3477
1,1335
6,289
8,3606
9,2878
8,1217
8,2753
1,2755
9,2276
9,2222
5,2685
5,1944
4,1840
7,3536
2,776
4,112
1,3361
1,2293
1,692
2,1275
8,2693
2,934
4,983
7,1885
7,2521
7,2942
2,1537
4,2186
9,1393
2,3457
5,519
9,1006
4,1875
9,3607
5,2504
7,3592
5,3271
8,14
6,2560
1,1401
4,2156
4,2508
9,17
6,1978
1,3279
6,3452
6,1741
6,2985
6,890
3,3223
4,2854
1,1542
5,1740
6,2664
2,1450
5,178
5,1908
9,3125
5,2508
4,1403
3,1028
9,1040
4,1270
6,1027
6,2962
7,3489
5,1461
7,1588
5,2923
7,1691
2,2528
3,3156
1,2823
5,2854
5,2328
6,2875
5,391
3,671
1,433
8,406
1,44
3,2809
2,1011
8,3279
1,1392
4,3428
5,962
7,1699
1,2268
2,459
7,1121
1,1228
2,2582
7,3575
4,18
4,2958
5,583
3,3634
6,913
4,2342
9,1843
4,3376
7,2298
7,2359
3,2709
1,2356
4,712
2,469
4,875
1,3359
1,1229
7,1924
5,1117
2,1848
4,249
4,3458
5,1051
6,943
8,551
2,1526
3,3467
8,2623
9,1407
8,1255
2,1553
2,2358
4,2188
1,2258
6,2547
4,1053
7,1224
1,1954
9,480
1,456
7,2529
9,3546
5,2045
3,614
8,1933
6,733
5,1759
9,1101
9,2205
7,3250
4,1409
4,7
2,1031
6,3287
9,1112
2,524
7,1241
3,1266
3,491
8,2323
6,3167
3,705
8,3706
7,3684
8,1087
2,1687
2,1685
2,869
5,22
6,1780
2,2783
5,2588
1,850
2,973
3,338
2,1586
2,3657
8,3726
1,2976
3,688
3,3444
9,1797
5,3402
1,1821
8,521
9,184
5,1992
6,102
7,3143
5,899
3,1781
5,1808
5,2395
8,332
6,954
7,575
4,2501
1,3192
3,3095
1,1475
5,1747
7,3375
3,251
2,847
3,2768
9,3519
3,3059
4,769
7,31
3,1922
8,499
1,2885
6,3194
5,501
5,1398
9,3697
5,2458
5,614
5,2949
7,2023
8,3630
8,2204
7,2802
3,1074
5,3630
7,2803
3,1226
5,171
8,42
4,594
7,270
3,1525
6,1686
5,2633
8,1497
3,1395
6,1868
3,490
3,1680
7,1064
9,1473
2,1330
5,3628
4,1677
6,3746
4,3523
2,1654
2,1227
5,3240
1,2247
9,1471
8,260
5,1986
9,1126
6,3713
4,667
7,1468
3,2896
9,3404
1,3303
6,1578
2,369
7,2270
4,3086
8,966
7,295
2,937
5,2705
9,1680
7,1881
1,1756
6,2129
5,234
4,2459
5,2091
5,1729
3,1923
5,102
8,1495
6,1135
4,3202
3,70
3,3102
1,588
9,2984
9,1827
2,551
5,1346
3,3659
4,1063
3,1579
6,210
8,3722
9,3462
9,894
3,1660
9,1575
4,2069
8,224
8,2164
8,774
4,3434
5,3352
9,1428
5,3549
2,1930
5,3710
9,1321
3,2157
6,2911
3,1985
7,2370
1,3340
2,3266
4,352
5,1706
4,877
6,823
6,1584
7,2657
4,1370
5,3169
5,1173
6,3585
8,250
7,955
4,776
4,771
6,3063
6,1238
1,1386
3,1210
3,2560
8,2262
5,1240
8,1496
6,726
5,3361
3,1045
1,1604
9,708
7,1672
4,3453
2,2049
1,2390
2,2153
2,467
2,542
5,2089
5,2085
9,2617
2,2889
6,2802
2,2236
2,1014
4,2775
1,1040
1,2857
8,510
5,932
9,2257
8,190
5,862
8,3463
1,1860
6,1507
3,3078
3,1610
7,298
6,1261
9,1051
9,571
5,1323
3,1233
8,3299
2,1258
7,3437
1,1950
5,723
2,3324
9,2115
2,1199
9,2200
9,1745
8,112
8,2233
4,3692
8,3032
6,825
7,3242
2,3465
6,3558
5,3681
1,2160
6,1951
4,3337
7,3644
5,3683
6,2480
6,1836
1,3425
9,508
1,1566
7,3258
3,3558
9,3115
6,773
5,3200
5,1177
4,3365
7,2451
9,1594
5,1916
7,787
6,2876
5,2811
8,1432
5,2115
4,1929
6,3453
1,2002
7,86
1,2870
5,268
4,930
9,257
3,2356
7,1901
8,3293
8,2649
6,698
9,2685
5,3220
7,1898
8,3503
5,2717
9,2795
3,2043
4,1697
3,1389
6,2658
4,2235
6,186
1,2146
1,1762
2,2371
7,1303
5,160
7,1204
7,3048
8,1470
1,149
4,2907
5,1936
2,3036
8,3166
8,1038
1,2362
5,490
3,3189
1,2582
2,3478
5,2970
3,337
4,1008
7,1823
8,2005
5,2541
5,448
8,1948
2,2460
7,374
3,1699
3,3321
2,18
6,2176
5,453
3,1618
4,1782
5,94
4,606
6,902
5,2333
1,1906
2,1285
7,1685
4,921
1,3618
1,2395
9,2504
4,3162
5,201
2,3104
5,1912
9,2525
9,2725
7,1107
9,2495
5,3563
8,3679
6,674
7,2233
4,2732
6,1762
3,2146
9,3157
8,522
4,3416
9,126
9,2047
5,476
4,1623
6,130
4,2651
1,89
2,3603
2,1456
3,586
3,1620
3,1113
7,1361
8,1834
2,1509
9,2532
6,453
2,425
8,3469
5,1764
6,1353
8,2826
5,2502
5,2846
1,1179
7,2061
7,1660
1,235
5,372
5,1287
2,1402
1,1746
9,294
4,3740
8,659
5,2772
8,450
6,2263
1,368
3,1513
9,3366
5,547
7,2457
2,330
9,3101
2,341
8,1520
7,1375
2,3522
5,2470
1,1142
5,580
2,944
9,1198
2,1885
9,382
5,629
7,147
1,1806
2,3195
3,2033
2,2519
9,2868
8,228
5,3037
2,213
8,2180
6,2791
9,212
3,298
8,2635
8,2823
1,298
2,1268
1,2534
6,1828
4,21
5,3274
9,2566
5,956
1,3694
2,1
1,1300
2,40
8,1029
9,2442
9,69
4,408
3,1962
7,1744
9,2027
3,1631
6,769
9,1727
4,2105
8,3213
6,2595
7,2331
9,496
4,503
4,3725
8,1336
4,2221
2,886
6,587
4,1497
7,3249
3,1603
4,1222
5,994
3,1134
6,2663
1,3748
4,420
6,96
9,2489
2,1223
1,488
5,900
9,2070
7,2885
3,1719
1,2270
3,1582
4,770
4,22
1,2815
7,1412
1,2126
6,2014
3,2439
3,3556
3,640
6,1325
5,1950
9,1249
3,2402
7,989
8,3476
4,405
6,288
6,1644
4,238
3,1612
8,2329
8,2423
5,1541
8,1617
7,2011
1,2787
2,848
5,560
5,2938
3,3381
5,821
8,2773
3,1835
8,1058
7,174
6,3067
1,1509
9,2883
8,2665
3,3043
2,1943
5,2104
2,3071
3,515
1,2801
4,2570
8,3244
7,2060
7,2093
2,1974
7,2801
1,434
8,4
2,2126
8,3733
3,2913
1,2767
8,57
5,2999
8,926
6,597
4,1534
5,3222
8,3321
8,2342
2,2596
9,432
2,2898
6,858
9,1880
1,884
3,3303
3,1196
4,3121
6,2695
2,3333
9,1587
2,3322
3,679
1,1312
3,451
8,3082
1,3137
1,2046
1,1635
9,2071
2,962
7,2131
4,133
4,2250
5,649
6,3649
1,3105
7,1729
3,2790
2,1854
9,861
9,1142
3,801
7,2422
9,1113
2,278
4,165
6,3602
9,1742
4,1247
6,2524
7,1097
4,2024
4,447
9,2919
7,1718
6,2940
2,2637
6,2855
1,2314
8,1265
2,51
9,620
6,1434
8,2928
1,1741
2,2507
8,469
6,2
9,3614
1,2324
6,1079
7,69
4,3606
2,1663
6,1229
5,2968
2,519
5,265
8,3480
7,2601
8,194
9,1130
1,27
1,343
3,1030
8,2985
5,522
8,555
7,684
9,2808
8,3632
6,1874
7,2913
2,2967
4,117
2,631
2,435
6,1633
8,2861
6,3227
7,297
5,313
5,3363
3,940
8,1046
5,934
5,89
5,3488
5,2366
7,1109
4,3114
9,3599
1,2632
8,298
8,46
6,24
6,1356
5,2297
3,2200
7,65
6,3614
8,99
6,2121
7,1216
1,1203
4,673
5,2536
1,3335
6,2737
2,3278
1,2936
2,257
9,1798
5,1008
9,3663
6,455
9,833
3,3072
3,1940
3,832
4,3361
2,3062
4,1921
4,1417
9,271
8,3034
6,2848
5,533
5,3684
8,2859
8,2956
8,111
5,2000
9,468
8,155
4,1576
1,2368
8,1667
5,2081
3,3284
9,305
3,349
1,1511
3,1736
7,2678
3,2548
6,2383
1,1339
8,687
8,2024
7,1544
3,839
6,449
4,2466
2,2130
6,3186
6,1348
2,1944
3,3678
3,607
2,2689
7,2835
9,3400
1,3474
7,299
9,198
2,2293
8,290
7,1493
9,3584
3,173
3,641
6,692
8,1078
8,455
8,2349
1,3233
6,1580
4,2056
8,1291
1,814
5,3680
3,2734
2,2853
6,3013
9,31
6,2291
9,2094
1,2311
9,1744
2,2504
4,3140
4,88
7,775
9,757
2,2993
6,736
7,1908
9,1668
8,998
6,1721
2,834
8,1824
3,661
6,201
1,3668
3,303
9,2404
6,1976
2,1643
3,1585
9,1368
1,747
4,246
2,908
8,3720
5,3652
4,455
8,2077
8,271
1,2380
4,2059
3,2272
1,1109
2,678
9,1766
5,2874
4,439
1,2998
4,2776
3,2892
9,2802
2,1843
4,2019
2,3098
8,1923
2,1556
2,3617
9,524
7,2208
7,758
9,545
3,3376
4,596
7,3405
4,2304
5,381
5,2765
6,97
4,1472
7,1635
6,1693
5,858
7,3205
3,536
4,532
2,1910
1,1430
2,2303
6,3184
8,473
3,1573
4,949
1,1721
5,3409
3,113
8,118
1,1360
9,537
7,1103
5,521
9,3725
7,1657
6,2096
6,3242
4,392
1,3009
1,2849
4,488
7,3565
9,781
9,125
9,2666
4,73
8,2924
2,972
3,1535
5,3638
2,2300
7,1993
4,320
8,1990
9,1381
2,315
2,3149
8,1830
2,3331
5,1018
4,1481
7,2127
9,137
6,704
3,2238
7,979
2,2116
5,487
3,900
1,392
7,1768
9,2352
8,2309
2,2739
5,607
6,903
4,2451
5,1248
4,2488
8,1147
7,683
4,1546
9,3427
1,2323
9,1310
6,2661
4,1116
5,3329
6,776
6,2629
1,2758
4,841
2,1033
6,2284
7,25
5,1073
8,1129
6,2738
2,844
1,2067
2,1994
6,11
1,1095
4,3301
9,2121
3,908
4,3163
6,1669
5,578
1,1990
1,1258
8,2117
3,1686
8,1468
1,2284
6,785
7,365
1,3158
2,3650
8,258
2,3117
7,3005
3,144
5,256
9,2420
6,2691
9,1008
6,1050
8,2847
9,2036
3,2151
5,750
3,2864
5,3419
6,2083
3,1064
2,1350
3,3739
4,2736
7,3406
1,2087
9,1639
9,1319
6,1047
6,343
6,835
4,3342
4,2530
5,1471
2,2830
1,2092
3,2473
3,106
1,2609
9,1717
6,2173
7,407
2,2974
1,458
1,3086
2,1722
9,636
3,992
1,1433
1,277
7,1012
3,462
1,799
6,3616
7,2466
2,3044
1,1153
9,2421
7,1512
6,2674
8,3651
1,2729
5,2376
4,1681
7,3584
2,3157
9,3085
3,1526
5,1308
7,3192
1,1883
2,698
3,2093
1,2474
7,1429
5,305
4,2213
1,495
7,1247
1,1283
8,1619
8,403
4,2601
5,147
4,3227
6,2281
3,3638
9,625
7,1670
3,79
9,2386
9,2
3,3466
3,101
8,1330
2,2548
8,1297
6,3667
9,566
5,1151
9,2927
5,1178
9,1994
7,2163
8,720
3,2489
7,1057
7,1311
1,2519
7,2968
4,3542
6,3276
3,2655
7,2722
7,1027
4,3572
4,65
1,2091
2,1540
7,145
7,135
1,2440
1,1160
4,2124
7,3514
2,948
6,2324
7,54
8,1165
8,2154
3,2430
7,1300
5,2354
6,770
5,2102
7,2263
8,2060
7,1896
3,311
6,693
9,2326
6,1610
8,2965
6,1082
6,2084
4,144
7,3609
7,2642
1,337
5,411
9,2659
3,2132
6,3535
9,835
3,3422
5,1181
1,3291
9,1410
4,1119
5,251
3,2586
9,1523
2,618
3,3725
1,1163
6,483
6,3680
5,1536
1,768
6,3464
4,1816
7,945
4,3711
7,1478
9,1763
7,3427
5,3006
5,1324
8,3477
6,2545
3,2287
8,1506
5,143
5,3437
4,3700
7,3540
6,1145
9,80
9,1569
6,1957
6,2682
3,514
1,3356
4,2023
6,1292
8,115
7,2448
9,2440
3,2064
8,354
3,1656
5,2972
1,2475
2,2290
3,768
1,1944
1,703
9,1700
2,3305
5,1885
8,1196
1,576
7,872
2,2766
8,2401
4,2957
5,3686
9,3262
2,2758
6,557
8,2415
8,104
7,2945
2,2794
3,1160
2,1167
8,1753
7,2795
9,310
8,2958
2,1609
7,2988
4,2157
8,1535
7,1329
6,1060
1,855
5,3117
6,855
5,1063
8,458
6,117
8,1706
5,1744
5,773
4,2720
4,1220
3,690
1,878
5,2723
2,2632
9,2980
8,2676
7,1178
6,631
1,536
3,3656
7,1951
4,17
8,1661
1,2071
1,48
4,2529
3,3185
8,535
5,628
8,3487
7,980
9,2112
9,2676
6,3441
2,1074
3,3273
1,320
6,2513
9,803
6,2711
3,2889
4,109
7,1297
3,1429
4,2667
1,2363
6,260
5,3384
2,1574
2,2594
7,1369
6,2046
3,2274
7,2870
3,3407
1,947
5,387
4,1457
5,2677
4,388
4,2812
4,1781
9,2053
8,1481
6,614
8,2016
5,1006
5,5
2,1117
2,721
2,3358
4,3266
4,147
8,3155
5,1044
4,1305
1,1706
9,945
2,3207
5,1208
5,787
9,1814
5,2309
1,208
4,1620
6,394
9,3538
4,1274
9,3450
8,1722
9,2072
6,3317
4,2758
6,3049
6,1687
7,2020
2,3255
5,658
1,2761
3,777
1,1318
7,3441
6,973
3,2886
5,1799
5,861
1,2705
7,1290
8,1391
4,3567
5,1784
3,742
9,1395
6,2446
2,2353
1,1062
5,1377
8,2509
4,297
9,133
6,1
5,1158
8,1206
2,274
7,1378
5,972
5,3408
4,2410
5,2898
4,3327
3,1342
5,2230
4,2943
2,201
8,3620
2,1352
4,679
6,1210
5,3524
1,606
4,988
9,2045
1,3286
8,1104
8,582
6,1967
2,3081
3,2824
1,3690
4,99
9,131
3,54
4,3573
4,32
4,911
8,1607
7,3105
2,3236
4,890
2,744
6,1665
9,370
6,87
8,1090
7,2262
1,95
1,1123
5,2610
1,2565
7,1694
4,3737
6,1053
2,3225
3,680
9,1958
9,864
7,1422
8,694
9,2625
8,980
9,827
2,452
7,1927
1,391
9,3058
9,38
6,1477
9,589
7,878
8,1937
3,1517
4,1254
5,2454
6,653
5,1979
6,1508
4,1229
7,3395
8,58
6,2744
3,829
6,3160
6,572
2,545
3,2067
9,1946
5,1001
5,2323
7,1666
3,1116
1,2375
4,278
6,126
6,2701
7,255
9,1801
6,3161
4,3125
9,1726
3,3490
5,329
2,2717
7,2936
6,446
6,637
2,1998
2,1596
8,864
7,114
9,1684
9,3525
5,593
9,475
4,1385
4,54
8,1433
9,746
3,3607
5,1168
3,2866
2,2865
9,3364
8,1273
9,716
8,3584
5,2113
7,729
2,1009
7,1918
9,2735
9,10
5,2554
4,3656
7,1483
5,1395
5,1821
3,3042
2,472
6,1055
9,61
9,1320
4,3569
8,2121
3,2295
1,2677
4,2291
7,200
5,2147
3,2581
7,1925
6,3050
4,3158
8,3546
6,3095
2,2710
4,97
5,2409
8,1086
6,975
4,2103
1,3396
2,3693
1,612
8,3350
3,2907
8,647
5,3103
7,3689
3,2354
3,240
5,1094
5,1946
4,2820
5,3643
5,1793
3,3689
2,3064
9,1945
6,2414
3,2955
6,1318
7,1093
5,2481
2,1170
3,2660
1,2958
5,2753
8,262
2,79
6,3104
7,375
9,842
7,1529
2,281
9,2781
4,781
7,358
7,109
9,1062
5,1126
8,2642
1,176
6,2210
2,1144
2,2819
3,1600
9,2099
8,3095
3,1063
7,118
3,2280
6,2023
4,1914
9,2827
7,672
2,2100
2,567
8,233
2,2679
7,971
2,1534
5,1795
4,1517
9,1434
9,2002
3,3520
2,2963
1,3181
7,228
9,1711
3,3260
7,1348
4,2587
7,3388
7,2407
9,1719
3,2803
6,2064
8,1807
3,919
5,118
5,1230
4,1287
4,2331
7,2205
5,3382
8,2941
5,1787
4,1562
1,3603
6,2402
6,2781
3,997
4,265
6,807
7,1084
8,1419
5,1430
1,3538
8,974
6,1612
8,2251
6,2995
7,791
3,1279
8,1871
1,3374
2,1940
8,162
3,2671
7,3112
1,1304
3,2952
7,2456
9,1421
4,1867
1,3385
1,923
5,1075
9,1995
1,2373
3,447
7,607
3,2888
2,1989
9,1346
2,2279
3,3159
5,2612
9,25
8,2364
9,1613
1,1735
1,2800
8,1787
8,2707
1,617
5,3625
8,1404
7,2224
7,2228
3,2924
2,91
7,1398
8,45
2,386
1,2066
1,2309
5,3399
7,547
6,2567
2,2112
4,2920
2,35
1,632
3,3384
6,114
5,2759
7,3367
6,1703
1,3650
9,1848
2,947
7,1262
3,1658
9,285
5,3250
9,28
5,1052
9,3368
1,1490
1,3730
2,1824
9,2005
8,2793
7,2071
6,1232
3,3131
2,3531
9,2128
1,3606
6,1798
4,2505
1,2992
8,2818
3,376
1,3669
4,1660
2,192
9,1401
1,2949
7,1195
2,916
8,3349
6,1070
2,3163
7,704
9,3107
2,3662
7,2918
8,398
2,2595
6,2874
2,2281
6,1528
5,2324
5,3589
9,2472
8,1641
7,61
3,63
6,68
7,1315
2,1038
2,1816
5,63
2,550
5,1088
3,664
4,711
9,2453
7,1007
4,262
7,3702
9,3704
2,2906
5,3468
1,1070
2,1444
6,269
4,2519
8,1694
1,949
1,2541
5,1510
8,3211
2,471
8,777
2,70
2,1371
9,2051
5,885
7,1214
9,1414
2,1166
2,1874
3,1799
5,3559
4,189
1,3033
8,1926
5,2726
9,33
3,2518
8,1173
1,3355
9,1650
5,1222
6,1865
8,31
9,2630
9,1248
9,3728
4,432
8,326
6,600
8,2319
7,1751
3,1248
5,1194
2,746
1,1808
4,2930
5,3207
7,2388
3,2072
9,2888
9,1127
7,141
8,372
1,3574
6,740
6,2557
9,1501
8,3298
7,554
6,2253
1,2902
6,534
5,2721
5,3740
9,3355
7,860
4,3243
3,1124
9,1883
2,3396
4,2661
8,1366
3,341
5,3230
4,3378
5,820
1,2226
4,2803
1,3452
3,1230
3,2779
3,1193
5,1259
3,3587
5,1453
1,2523
7,242
8,821
1,411
9,3395
5,541
2,3523
9,3389
8,3715
6,1930
9,1987
8,3096
6,3447
2,2607
4,3372
8,3126
2,2455
5,2441
5,2694
4,917
5,2039
3,3485
6,2929
9,1067
4,229
7,1002
1,2437
2,2831
4,3670
5,467
2,673
8,3414
7,3189
5,633
9,1600
7,2633
6,3015
6,1948
3,1364
2,2732
2,2678
6,3636
9,2347
2,2574
7,1882
3,592
7,500
2,622
3,1302
8,827
6,2426
4,1689
1,1405
5,1901
4,2873
4,528
3,2949
2,2329
5,1068
2,1690
4,853
8,3060
2,2316
6,3304
8,1491
2,629
1,651
5,135
3,1932
5,3293
7,2683
1,3472
5,1633
7,1258
8,2250
9,2907
4,735
6,3544
1,2103
4,3279
5,3718
6,560
3,928
7,1287
4,3589
3,2004
5,3248
5,1387
4,2233
9,1361
9,1268
1,1503
4,1617
9,222
4,1387
9,1143
5,621
2,1327
2,1112
5,2841
6,1881
5,3257
4,2702
3,2344
9,1784
7,1537
1,1194
8,3037
3,917
7,2594
8,991
7,1438
9,1373
9,3072
2,1336
7,1828
8,3063
7,2963
9,3651
4,2177
9,3667
2,1823
1,736
1,1243
8,1229
1,1297
2,3659
9,1159
6,3502
7,2121
7,2434
9,3087
5,121
7,2774
1,3384
5,273
1,1552
2,2897
3,2730
8,1314
3,1075
8,628
3,3015
1,1064
3,3491
6,2278
6,802
9,256
4,1060
7,3106
6,863
5,3179
1,2176
8,861
4,644
1,3113
2,336
2,727
1,3454
2,2497
7,1229
8,2193
1,1997
6,257
6,2900
3,1363
8,2734
3,1315
3,2606
6,2119
4,2590
3,3637
1,1398
5,1870
3,923
6,206
9,2374
4,1879
8,2770
3,126
2,1894
1,580
1,2050
9,822
2,2350
6,3514
5,985
5,430
7,2937
1,26
9,2577
7,2395
1,1521
2,3577
2,190
1,29
2,895
5,1739
9,2149
5,1193
8,1061
6,676
9,2724
5,1015
4,431
1,441
8,214
3,3219
8,3433
2,3730
1,1409
5,958
5,3553
5,1733
4,3673
2,2239
6,312
1,201
8,216
6,2452
3,1356
7,1586
9,3162
3,973
1,3126
4,2224
8,576
4,3505
9,1285
9,379
9,1799
2,1866
1,3746
2,717
5,3231
9,3660
9,3076
7,887
2,1957
5,1307
9,7
7,2035
8,1381
3,682
9,3209
4,797
7,2717
2,1383
7,1265
3,2986
5,3527
5,282
8,3475
2,1453
8,3627
1,3239
3,1768
9,1877
5,587
9,2016
7,2723
5,2443
5,2488
8,2874
9,3550
4,1648
3,704
4,1626
5,3208
4,1745
7,3261
4,3374
9,1343
1,342
6,1440
8,2436
6,1188
2,741
7,1331
2,1883
8,932
1,3629
3,3301
4,1805
1,3697
5,2191
3,73
5,2038
8,1281
6,2636
1,3560
3,1842
1,2115
1,3607
4,198
9,823
9,2881
7,1054
1,2405
4,2428
4,835
3,111
1,731
5,3508
2,3499
4,2283
7,283
2,82
4,626
8,1613
8,906
9,3719
7,512
2,3607
6,527
4,3450
8,565
5,775
7,154
4,935
2,74
4,3268
4,2179
2,454
6,932
4,889
3,3167
8,3467
3,1462
3,694
4,3339
5,1172
1,386
8,874
7,2074
5,1545
3,2176
2,3498
8,514
8,1031
3,3391
8,3121
5,1353
4,3632
2,2639
4,427
5,2815
9,2700
7,1556
6,1301
8,3373
4,2216
2,571
9,3698
8,3640
1,642
1,2978
6,710
5,2532
1,3504
3,419
6,329
7,3086
6,1876
6,513
4,3235
3,1833
2,3505
6,1391
5,3506
5,3484
9,2125
2,2868
2,2032
3,884
8,2195
6,788
5,1681
4,1142
4,254
4,3440
3,522
4,2821
9,733
1,2538
8,732
3,1569
9,3068
7,1693
7,230
3,596
3,1311
8,1916
1,3116
3,1897
1,331
1,124
7,318
6,555
3,279
1,1353
5,539
9,957
9,3267
9,3014
1,251
7,2396
9,2704
1,2699
