order_id,order_date,subscription_order,user_id_o
0,2018-08-04,1,1200
1,2018-05-20,1,3031
2,2018-05-26,1,2023
3,2019-05-05,0,2088
4,2018-08-05,1,877
5,2018-08-02,0,547
6,2018-05-23,0,3971
7,2019-08-19,0,3724
8,2018-11-08,0,3974
9,2018-07-14,0,4132
10,2018-08-13,0,1029
11,2019-12-22,0,857
12,2018-10-17,1,3497
13,2019-04-23,1,2175
14,2019-01-16,0,2190
15,2018-11-01,0,2058
16,2018-06-02,1,287
17,2019-02-19,1,2108
18,2018-07-27,1,2074
19,2019-09-20,0,4183
20,2019-04-08,1,3789
21,2019-01-12,0,3447
22,2018-12-27,1,4887
23,2018-10-03,0,2845
24,2019-01-10,1,1491
25,2018-03-08,0,2677
26,2019-07-19,0,1942
27,2019-02-06,0,1686
28,2019-11-19,1,1801
29,2019-09-06,0,1217
30,2019-06-17,0,533
31,2019-12-01,1,2094
32,2018-06-02,1,823
33,2019-12-09,1,876
34,2018-10-14,1,686
35,2018-06-08,0,1834
36,2019-08-03,1,98
37,2019-12-01,1,4057
38,2019-03-27,1,2844
39,2019-10-25,0,2144
40,2019-07-08,0,3593
41,2019-03-22,1,3393
42,2018-12-28,0,1487
43,2019-06-25,0,1821
44,2018-09-03,0,2312
45,2018-01-22,0,1720
46,2019-07-24,0,4738
47,2019-02-28,0,2776
48,2019-07-21,1,2437
49,2019-09-11,0,484
50,2018-01-04,0,4937
51,2019-04-01,0,2698
52,2019-06-06,0,2364
53,2018-07-13,0,2785
54,2019-03-25,0,2328
55,2018-05-28,1,103
56,2018-01-22,1,1367
57,2018-08-02,0,364
58,2018-02-25,1,3671
59,2018-01-28,0,4058
60,2018-06-01,1,3464
61,2018-05-04,1,2716
62,2019-04-05,1,3796
63,2018-01-07,1,2262
64,2019-12-09,1,4564
65,2018-05-22,1,1595
66,2018-03-26,0,963
67,2019-03-11,1,2656
68,2019-10-14,1,175
69,2018-10-06,0,2334
70,2019-10-24,1,854
71,2018-05-12,0,3611
72,2018-08-15,0,2709
73,2018-10-03,1,2928
74,2018-07-17,0,4029
75,2018-03-23,1,4577
76,2018-08-16,1,3469
77,2019-04-26,1,2913
78,2019-11-19,0,4563
79,2019-10-03,0,123
80,2018-10-08,1,1774
81,2019-04-23,0,4622
82,2018-10-04,0,826
83,2018-05-02,1,565
84,2019-07-08,1,2913
85,2018-04-14,1,870
86,2019-10-28,1,2057
87,2019-12-02,1,1088
88,2018-01-23,1,3402
89,2019-12-17,0,1309
90,2018-07-18,0,3241
91,2019-08-16,1,3487
92,2018-10-14,1,1573
93,2018-05-19,1,1762
94,2018-02-21,0,2615
95,2018-12-22,1,3679
96,2019-04-02,0,2475
97,2018-05-08,1,836
98,2018-08-20,0,3319
99,2018-09-19,1,2336
100,2018-01-03,0,704
101,2019-11-26,1,3835
102,2018-08-02,0,1730
103,2018-11-23,1,464
104,2019-12-16,0,2913
105,2018-07-18,0,950
106,2019-03-19,1,899
107,2019-09-13,0,3002
108,2019-04-24,1,2458
109,2019-07-19,1,2622
110,2019-11-17,1,1970
111,2019-08-11,1,1727
112,2018-09-16,1,648
113,2019-03-28,0,2716
114,2019-02-06,1,3591
115,2018-09-25,1,3068
116,2018-08-07,1,3366
117,2019-12-17,0,4445
118,2018-01-09,0,2320
119,2018-04-12,1,238
120,2018-08-19,1,474
121,2019-05-05,1,2111
122,2018-10-28,1,2928
123,2019-09-12,0,1521
124,2019-04-10,0,4226
125,2018-12-01,0,51
126,2019-10-26,1,3617
127,2018-10-27,1,1059
128,2018-09-23,1,3760
129,2018-02-26,0,1168
130,2018-11-15,1,1839
131,2018-05-08,1,3700
132,2018-01-13,1,4167
133,2018-01-22,1,4313
134,2019-07-14,0,1409
135,2019-04-23,1,2231
136,2018-06-20,1,2745
137,2019-11-01,1,3781
138,2019-01-13,1,2218
139,2019-09-23,1,825
140,2019-05-03,0,4708
141,2018-02-22,1,3019
142,2019-05-27,0,1160
143,2018-08-28,0,2218
144,2018-08-01,1,2874
145,2018-11-27,0,1763
146,2018-10-27,0,2824
147,2019-09-03,0,3653
148,2018-12-24,1,87
149,2019-11-14,0,2658
150,2018-03-03,0,3415
151,2019-06-20,0,4085
152,2019-03-06,0,1791
153,2018-11-14,1,4102
154,2018-03-13,1,2382
155,2018-11-11,0,1830
156,2019-04-24,0,463
157,2019-07-02,0,813
158,2019-11-15,0,1529
159,2018-03-27,0,922
160,2018-12-01,1,2154
161,2018-03-26,1,1646
162,2019-05-16,0,2294
163,2019-07-20,1,3221
164,2018-01-14,0,2808
165,2019-05-11,1,4164
166,2019-07-17,1,3970
167,2019-08-14,0,3747
168,2018-08-04,1,3857
169,2019-03-02,0,2907
170,2019-05-28,0,2706
171,2018-06-28,1,1385
172,2019-06-16,0,2634
173,2019-06-27,1,4855
174,2019-04-12,0,1632
175,2018-02-16,0,877
176,2019-03-10,1,1104
177,2019-03-16,0,1228
178,2018-09-28,1,1698
179,2019-02-19,1,228
180,2018-05-04,0,1742
181,2019-06-10,0,2926
182,2019-11-04,0,4009
183,2018-01-14,0,4307
184,2019-05-22,1,2839
185,2018-05-22,0,1178
186,2018-02-07,0,1311
187,2019-08-20,0,416
188,2018-02-14,1,49
189,2019-09-10,0,4867
190,2019-03-21,1,400
191,2019-05-27,0,4388
192,2018-02-22,0,4005
193,2018-10-17,1,2638
194,2018-12-03,0,2573
195,2019-09-03,1,3351
196,2019-02-06,1,3393
197,2018-04-19,1,1921
198,2019-12-18,0,2298
199,2018-10-02,0,2775
200,2019-10-08,0,1069
201,2018-09-01,0,3071
202,2018-07-22,0,4160
203,2018-11-15,0,3345
204,2019-02-20,0,3143
205,2018-06-16,0,4704
206,2019-11-19,1,3947
207,2019-04-21,1,3860
208,2018-08-07,1,4519
209,2018-04-02,1,3045
210,2018-04-18,1,4712
211,2019-06-12,0,3774
212,2018-08-04,0,3973
213,2019-07-14,1,1790
214,2018-10-05,0,2887
215,2018-06-14,1,3562
216,2018-09-21,1,1449
217,2019-09-18,0,3607
218,2019-02-15,0,899
219,2018-03-10,1,2414
220,2018-07-23,1,1377
221,2019-05-02,0,3143
222,2019-05-06,1,1903
223,2018-05-11,0,169
224,2019-08-21,1,2021
225,2018-11-11,0,3795
226,2019-05-01,1,4031
227,2018-06-10,1,1008
228,2018-12-24,1,3469
229,2019-04-16,0,2643
230,2019-03-12,1,426
231,2019-01-25,1,129
232,2018-06-04,1,2599
233,2019-08-01,1,3406
234,2019-11-05,1,516
235,2019-06-19,0,3325
236,2019-04-25,1,1821
237,2019-11-24,0,2340
238,2019-07-05,0,311
239,2019-11-23,1,3688
240,2018-07-17,1,4985
241,2018-11-14,1,248
242,2019-07-26,0,4998
243,2018-06-27,1,1561
244,2019-06-18,1,1891
245,2019-03-11,1,1296
246,2019-05-25,0,1744
247,2018-03-14,0,3496
248,2019-01-18,0,1581
249,2019-07-15,1,1252
250,2019-11-22,0,2594
251,2018-06-06,1,3175
252,2019-05-22,0,3929
253,2019-06-11,1,4097
254,2018-10-13,0,1610
255,2019-01-02,0,2146
256,2019-09-03,1,2769
257,2019-04-18,1,2822
258,2019-03-12,0,4032
259,2018-07-25,0,4825
260,2019-03-22,0,1440
261,2019-09-05,0,1818
262,2019-08-13,1,3326
263,2019-04-12,1,1984
264,2018-03-18,1,957
265,2019-06-09,1,750
266,2019-02-02,0,2882
267,2019-06-28,1,3797
268,2018-08-09,0,2297
269,2019-05-09,0,1821
270,2018-09-10,1,4219
271,2018-04-10,1,4584
272,2018-06-07,0,552
273,2019-04-01,1,863
274,2019-04-10,1,3390
275,2019-04-24,1,4531
276,2018-04-12,0,2152
277,2018-09-02,0,1957
278,2018-11-04,1,3068
279,2019-05-27,1,3879
280,2018-02-14,0,4038
281,2018-01-14,0,4224
282,2019-05-16,1,3948
283,2018-12-17,0,4331
284,2018-02-26,1,1381
285,2018-05-18,0,2874
286,2019-12-17,0,464
287,2018-04-22,1,612
288,2019-06-12,1,1888
289,2019-12-02,0,1926
290,2018-02-27,1,2097
291,2018-07-17,1,1101
292,2018-07-28,1,2625
293,2018-07-02,0,2861
294,2018-01-18,0,1603
295,2018-09-08,0,4160
296,2019-04-19,1,2606
297,2018-04-10,0,1545
298,2019-05-08,0,4296
299,2018-07-07,1,1002
300,2019-08-15,1,3510
301,2018-03-28,1,2894
302,2019-09-03,1,4558
303,2019-06-02,1,4653
304,2019-09-15,0,1892
305,2019-07-24,1,1062
306,2019-08-08,0,4248
307,2019-12-24,1,2597
308,2018-05-20,0,1269
309,2019-04-20,0,4912
310,2018-11-20,0,2370
311,2018-02-05,0,85
312,2018-05-04,1,2817
313,2018-10-18,0,148
314,2019-08-20,0,4761
315,2019-07-18,1,2684
316,2019-09-21,0,4097
317,2019-01-02,1,1999
318,2019-03-03,1,3338
319,2019-07-17,1,4812
320,2018-01-04,0,1889
321,2018-03-07,1,3313
322,2019-07-14,0,1063
323,2018-02-12,1,2265
324,2018-02-19,1,1465
325,2018-02-10,0,2570
326,2018-10-27,1,1467
327,2019-06-07,1,1648
328,2019-09-25,1,529
329,2019-11-18,0,3465
330,2018-03-13,1,4566
331,2018-05-20,1,512
332,2018-04-28,0,256
333,2019-08-06,1,2113
334,2019-10-10,1,1989
335,2019-12-23,1,1509
336,2018-10-03,1,462
337,2019-08-22,0,1930
338,2019-06-02,0,3573
339,2019-07-18,1,4892
340,2018-11-16,0,3907
341,2018-03-04,1,687
342,2019-05-15,0,2622
343,2019-01-27,1,1726
344,2018-12-06,0,509
345,2018-02-04,1,4367
346,2018-10-26,0,1699
347,2018-12-12,0,2688
348,2018-06-14,0,2025
349,2019-11-03,1,3116
350,2018-12-06,0,1809
351,2018-11-19,0,2371
352,2019-12-14,0,426
353,2019-01-25,0,938
354,2019-01-14,0,2700
355,2018-01-19,1,3488
356,2018-10-02,1,2380
357,2018-08-23,1,812
358,2019-09-07,1,1039
359,2018-10-21,0,4726
360,2019-08-02,0,4353
361,2018-08-22,1,2275
362,2019-02-08,1,4512
363,2019-07-03,1,452
364,2018-11-22,1,593
365,2018-09-25,1,4101
366,2018-04-25,1,2790
367,2019-04-10,0,935
368,2018-07-01,0,1369
369,2019-01-03,0,937
370,2018-11-11,1,2879
371,2018-01-08,0,510
372,2018-01-11,1,2330
373,2018-12-15,0,1089
374,2019-12-11,0,3879
375,2018-12-06,1,1052
376,2019-10-17,1,2225
377,2019-12-25,0,3784
378,2018-11-26,0,3133
379,2019-12-02,1,2292
380,2019-05-19,0,371
381,2018-01-20,0,3950
382,2018-10-24,1,3649
383,2019-07-16,0,4267
384,2018-06-06,0,2567
385,2019-12-01,0,3362
386,2019-10-24,1,3161
387,2019-10-03,1,1053
388,2018-10-26,0,2400
389,2018-03-19,1,4271
390,2018-07-03,1,1072
391,2019-02-16,0,3461
392,2019-01-05,0,891
393,2019-02-04,0,1483
394,2018-12-20,0,3875
395,2018-07-24,0,1207
396,2018-11-09,1,1325
397,2018-12-13,1,996
398,2019-11-23,0,1974
399,2019-05-06,0,786
400,2019-06-25,0,162
401,2019-05-03,0,2557
402,2018-10-01,1,3996
403,2019-06-17,0,2188
404,2019-10-21,0,2212
405,2019-08-15,0,479
406,2018-02-22,0,2485
407,2018-02-26,0,4384
408,2018-11-04,1,3879
409,2018-04-05,1,2031
410,2018-09-17,1,4848
411,2019-06-17,1,4484
412,2018-06-01,0,2838
413,2019-12-13,1,1610
414,2018-09-07,0,4091
415,2018-03-05,0,1391
416,2018-07-13,0,1273
417,2018-09-09,1,1836
418,2018-07-17,0,2099
419,2019-05-23,0,2758
420,2018-08-01,1,2441
421,2019-07-05,1,4142
422,2018-07-16,1,2970
423,2019-03-13,0,1615
424,2018-12-09,0,4749
425,2019-11-07,1,488
426,2018-05-10,0,3627
427,2018-03-25,0,4824
428,2018-08-06,0,936
429,2018-02-28,1,4241
430,2018-10-25,0,4933
431,2018-05-28,1,312
432,2019-08-21,1,2815
433,2018-08-03,0,1838
434,2018-06-20,1,2209
435,2018-09-08,0,701
436,2019-04-24,1,1913
437,2019-08-26,1,1581
438,2018-04-16,1,2705
439,2018-04-16,0,1572
440,2018-02-10,1,1705
441,2018-07-19,1,666
442,2018-06-26,0,1860
443,2018-10-24,1,1807
444,2019-11-14,1,2744
445,2019-05-07,1,4505
446,2018-01-05,1,344
447,2019-07-26,1,4228
448,2019-06-21,1,3713
449,2019-10-17,0,4466
450,2018-07-13,0,303
451,2018-01-05,0,690
452,2018-12-10,0,1351
453,2018-09-24,1,3881
454,2018-02-01,1,2600
455,2019-10-27,0,1020
456,2019-08-18,1,301
457,2018-02-21,0,3162
458,2019-08-07,1,957
459,2019-01-08,0,2926
460,2019-04-10,0,1559
461,2019-06-03,0,3682
462,2018-04-07,0,4661
463,2019-12-23,1,2003
464,2018-12-18,0,4756
465,2019-06-21,1,2644
466,2019-08-16,0,3124
467,2019-11-24,1,970
468,2019-02-01,0,1230
469,2018-08-17,1,4919
470,2018-06-17,0,3946
471,2018-06-10,0,4072
472,2018-12-10,1,611
473,2019-09-20,1,3930
474,2018-07-21,1,2259
475,2019-03-23,0,3809
476,2018-07-06,0,3124
477,2019-01-07,0,4811
478,2018-03-25,1,1591
479,2019-09-08,1,793
480,2018-09-15,0,4884
481,2019-05-12,1,4452
482,2019-10-28,1,393
483,2018-04-11,0,3254
484,2019-05-18,0,770
485,2019-09-24,1,1287
486,2019-01-06,0,1222
487,2019-05-19,1,2779
488,2018-01-03,0,1943
489,2018-04-13,0,81
490,2018-04-22,1,850
491,2018-08-18,1,3371
492,2019-05-17,1,2364
493,2019-09-27,1,4669
494,2019-09-28,0,1666
495,2019-05-15,1,521
496,2019-01-10,0,1888
497,2019-12-23,0,3223
498,2018-01-04,1,2096
499,2018-01-07,1,3467
500,2018-07-07,0,1287
501,2018-05-20,1,2110
502,2018-11-18,1,4860
503,2018-03-25,1,2278
504,2019-06-26,1,4425
505,2018-09-09,1,633
506,2019-10-04,1,2503
507,2018-05-04,1,4539
508,2018-05-26,1,3429
509,2019-03-02,1,2524
510,2018-08-11,0,3899
511,2018-02-15,0,515
512,2019-03-09,1,4329
513,2018-08-25,1,58
514,2018-12-18,1,3567
515,2019-10-20,0,4579
516,2018-08-26,0,4741
517,2018-11-02,0,3838
518,2018-09-25,0,3007
519,2018-02-14,1,2278
520,2018-09-23,0,2678
521,2018-05-11,0,2050
522,2018-02-10,1,324
523,2019-08-15,0,3125
524,2019-03-11,0,4032
525,2019-04-05,0,2039
526,2018-01-10,0,1843
527,2019-05-20,1,2256
528,2018-08-28,0,2394
529,2019-04-21,1,4594
530,2019-03-28,1,1812
531,2018-05-01,0,2308
532,2019-09-11,0,4527
533,2018-06-06,0,2473
534,2018-07-23,0,107
535,2019-01-10,0,1906
536,2018-11-11,0,279
537,2019-08-26,0,4965
538,2018-08-11,0,4176
539,2019-08-24,1,4670
540,2018-08-26,1,143
541,2018-05-22,0,3015
542,2019-06-12,1,232
543,2019-12-27,1,2395
544,2019-02-21,1,2184
545,2018-04-13,1,3496
546,2019-07-17,0,3416
547,2018-10-08,1,2589
548,2018-08-21,0,3723
549,2019-07-23,0,3718
550,2018-06-13,1,285
551,2019-11-18,0,2545
552,2018-02-13,0,3601
553,2018-05-21,0,2882
554,2019-11-01,1,629
555,2019-06-26,0,3055
556,2018-09-17,1,2883
557,2019-12-16,0,4137
558,2019-03-06,0,4157
559,2019-03-04,1,3538
560,2019-08-25,0,803
561,2019-05-03,1,2178
562,2019-02-20,0,68
563,2018-10-18,1,3282
564,2018-03-08,0,2488
565,2018-10-28,1,1378
566,2018-04-07,1,284
567,2018-10-05,1,386
568,2019-11-27,0,1880
569,2018-01-13,0,3553
570,2019-04-22,0,2772
571,2018-10-28,0,2540
572,2019-09-07,1,2063
573,2019-03-23,0,303
574,2019-06-02,0,4122
575,2018-06-22,1,505
576,2018-04-27,0,4397
577,2018-06-07,0,2641
578,2018-03-11,1,1576
579,2018-05-19,1,2490
580,2019-08-23,1,4930
581,2018-08-09,0,4534
582,2019-06-23,1,4995
583,2018-10-05,0,3051
584,2019-05-22,0,4429
585,2018-06-05,0,4238
586,2018-09-26,0,3250
587,2019-06-23,0,1330
588,2019-07-24,0,4331
589,2018-09-01,1,1378
590,2018-08-13,1,4591
591,2018-04-23,1,378
592,2019-07-09,1,357
593,2018-01-10,0,1169
594,2018-04-11,0,4397
595,2018-04-18,1,1349
596,2018-08-26,0,1317
597,2018-02-14,0,4844
598,2018-07-24,0,23
599,2018-03-17,0,3691
600,2019-11-10,1,837
601,2019-02-16,0,4011
602,2018-11-05,0,1649
603,2019-10-02,1,443
604,2019-04-17,1,3220
605,2019-11-15,0,7
606,2019-09-12,0,3603
607,2018-05-04,0,3834
608,2019-11-05,0,4278
609,2019-02-08,1,1768
610,2018-01-27,1,3928
611,2018-01-07,0,716
612,2019-06-18,0,2740
613,2019-06-18,1,1903
614,2019-01-17,0,2387
615,2018-12-22,1,172
616,2018-01-13,1,1547
617,2018-10-26,0,4347
618,2019-08-24,0,3638
619,2019-11-01,0,623
620,2019-03-22,0,2458
621,2019-06-23,0,177
622,2019-03-21,1,4287
623,2019-04-18,1,4037
624,2019-02-21,1,3441
625,2018-04-11,0,663
626,2019-04-28,0,3998
627,2018-06-20,0,3268
628,2019-11-17,0,3527
629,2018-08-12,0,653
630,2018-09-21,0,2652
631,2019-03-25,0,3651
632,2019-06-25,1,634
633,2018-09-09,0,3887
634,2018-11-19,1,3942
635,2018-03-11,0,867
636,2018-07-02,0,3839
637,2018-04-12,1,743
638,2019-01-07,0,2577
639,2018-02-04,1,787
640,2018-06-04,0,982
641,2018-08-04,1,4160
642,2019-08-01,0,1183
643,2018-05-13,1,4693
644,2019-07-18,1,3368
645,2019-03-06,0,2439
646,2019-05-04,0,2381
647,2018-11-01,0,161
648,2019-08-28,0,1416
649,2018-03-09,0,4749
650,2019-10-11,0,3202
651,2019-01-04,1,1399
652,2018-03-14,1,3115
653,2019-11-28,0,599
654,2019-02-06,0,3263
655,2019-06-04,1,1450
656,2018-05-23,1,289
657,2019-05-17,1,3329
658,2018-08-15,1,2594
659,2019-10-13,0,1548
660,2019-12-24,0,3524
661,2019-12-02,1,1904
662,2018-05-26,0,1658
663,2018-08-26,1,1374
664,2018-10-17,1,1765
665,2018-04-08,0,1356
666,2019-12-02,0,1662
667,2018-08-05,0,2107
668,2018-02-10,0,3574
669,2018-08-03,1,2299
670,2018-02-15,1,1122
671,2019-03-02,1,1856
672,2019-02-22,0,4998
673,2018-07-04,0,2863
674,2018-09-17,0,3993
675,2019-07-14,0,1259
676,2019-06-12,0,1088
677,2018-09-02,1,1319
678,2018-11-23,0,183
679,2019-12-26,0,2137
680,2018-08-17,1,1490
681,2018-07-26,1,3418
682,2019-12-09,1,656
683,2018-11-06,0,786
684,2018-01-18,1,4232
685,2019-03-26,0,2083
686,2018-01-01,1,32
687,2019-11-18,0,3261
688,2018-03-25,1,2944
689,2018-04-27,1,4991
690,2018-04-11,1,2218
691,2018-01-11,1,4503
692,2019-12-16,0,2556
693,2019-08-12,1,2549
694,2019-05-20,0,2486
695,2019-10-19,0,1208
696,2019-12-09,1,3823
697,2018-10-04,1,838
698,2019-02-08,0,2810
699,2019-05-27,0,229
700,2019-11-17,0,3903
701,2018-07-21,1,4165
702,2019-12-20,1,1329
703,2019-12-02,1,600
704,2018-01-01,1,352
705,2018-12-13,1,2749
706,2019-08-17,1,1465
707,2019-05-11,0,2535
708,2018-07-11,0,894
709,2018-04-13,0,2688
710,2019-11-02,0,3094
711,2019-07-26,0,4700
712,2019-10-26,0,3351
713,2018-01-13,0,2417
714,2018-02-22,1,666
715,2019-02-18,1,4772
716,2019-12-11,1,840
717,2018-08-05,1,4731
718,2019-02-27,1,2375
719,2019-10-22,0,2726
720,2018-01-08,1,3057
721,2019-11-26,0,3881
722,2019-09-06,1,1283
723,2018-09-10,0,3767
724,2019-02-01,1,2113
725,2018-03-14,0,3927
726,2018-07-01,0,4892
727,2019-08-16,0,1130
728,2018-11-17,0,913
729,2018-11-28,1,2375
730,2018-12-14,1,3224
731,2019-03-17,0,1162
732,2018-04-24,0,2359
733,2019-04-10,0,1424
734,2019-10-19,1,1367
735,2018-07-12,0,4138
736,2018-04-22,1,3002
737,2018-01-17,0,474
738,2019-01-14,0,808
739,2018-03-01,1,3446
740,2019-11-09,1,2911
741,2019-09-28,0,4932
742,2019-12-07,0,178
743,2019-08-15,0,762
744,2018-04-27,1,3400
745,2018-02-08,1,1653
746,2018-10-10,1,931
747,2018-03-11,0,552
748,2018-12-23,0,258
749,2019-10-19,1,4724
750,2018-11-07,1,3822
751,2019-01-22,0,3491
752,2018-02-22,1,1552
753,2018-05-03,0,252
754,2018-07-17,0,849
755,2019-09-22,0,2632
756,2019-08-15,0,1858
757,2018-12-18,0,216
758,2019-11-21,1,3228
759,2018-08-20,1,993
760,2019-02-05,1,1099
761,2019-01-01,0,4225
762,2018-11-22,1,443
763,2018-03-15,1,217
764,2019-04-27,1,59
765,2018-06-03,0,3015
766,2018-07-19,1,4664
767,2018-01-01,0,1919
768,2018-12-18,0,4631
769,2018-01-19,0,2274
770,2018-10-26,1,3093
771,2019-09-21,1,2126
772,2018-02-09,0,4541
773,2019-03-17,1,3906
774,2018-04-21,1,3790
775,2019-09-06,1,4150
776,2019-11-10,0,2270
777,2018-06-05,1,4265
778,2019-08-25,1,1909
779,2019-01-11,0,4374
780,2018-08-07,0,3704
781,2019-12-04,1,3776
782,2019-04-17,0,1335
783,2019-01-01,1,4919
784,2018-12-19,0,1790
785,2019-05-11,1,1106
786,2018-09-17,0,527
787,2018-01-11,1,1860
788,2018-06-16,0,3311
789,2018-11-23,0,2155
790,2019-10-14,0,4581
791,2018-03-12,1,834
792,2018-06-09,1,2937
793,2018-05-28,1,3085
794,2018-01-23,1,839
795,2019-09-11,0,398
796,2018-04-11,0,292
797,2019-11-22,0,2708
798,2018-11-28,0,1
799,2018-02-21,1,1255
800,2019-11-16,1,2403
801,2019-07-08,0,2462
802,2019-01-28,0,186
803,2018-01-18,0,4569
804,2019-11-24,0,3625
805,2019-05-27,0,3166
806,2019-04-13,1,851
807,2019-12-15,1,4647
808,2018-07-28,0,2800
809,2019-07-21,0,2921
810,2019-06-07,0,1531
811,2018-02-26,0,2222
812,2019-06-07,1,3956
813,2019-01-10,0,755
814,2019-12-04,0,730
815,2018-12-06,0,830
816,2018-02-03,1,4996
817,2018-07-03,0,1927
818,2019-10-28,1,1223
819,2018-06-16,1,4832
820,2018-07-07,0,1200
821,2019-09-01,1,3443
822,2018-02-14,0,2512
823,2019-05-10,0,4892
824,2019-11-24,0,3599
825,2018-03-26,1,4886
826,2018-02-04,0,1670
827,2018-08-19,1,4754
828,2018-02-11,1,1632
829,2018-07-18,1,3376
830,2019-12-24,1,2707
831,2019-02-07,1,3177
832,2018-09-02,0,3750
833,2018-11-05,0,2410
834,2019-09-16,1,15
835,2018-08-16,1,4152
836,2019-04-20,0,3338
837,2018-02-01,1,1405
838,2018-05-26,0,3341
839,2019-07-08,0,30
840,2018-03-03,1,752
841,2018-04-23,0,3555
842,2018-08-13,0,3094
843,2018-06-05,0,1562
844,2018-11-26,0,3877
845,2019-05-20,1,2997
846,2018-03-12,1,431
847,2018-07-24,1,2852
848,2019-03-02,0,1694
849,2019-05-05,0,898
850,2019-06-06,1,2754
851,2019-03-17,1,3402
852,2019-12-07,0,4325
853,2018-09-15,0,3721
854,2019-04-12,1,4151
855,2018-12-22,1,1409
856,2019-01-16,0,3500
857,2019-12-13,0,2076
858,2018-09-19,0,175
859,2018-01-07,0,2200
860,2019-04-08,0,2062
861,2019-11-09,1,3780
862,2018-03-17,0,747
863,2019-01-26,0,1563
864,2019-08-14,0,3749
865,2019-05-09,1,3758
866,2018-11-14,0,3177
867,2019-02-16,0,98
868,2018-09-05,0,1275
869,2019-08-05,1,3501
870,2019-01-17,0,3988
871,2018-03-11,1,1895
872,2018-11-10,1,493
873,2019-05-14,0,3148
874,2018-09-01,1,2594
875,2019-06-19,1,80
876,2018-11-20,1,2150
877,2018-03-04,1,960
878,2018-03-01,1,3568
879,2019-12-03,0,219
880,2019-02-26,0,790
881,2018-08-11,0,3607
882,2018-09-26,0,1025
883,2018-12-25,1,4025
884,2019-11-18,0,2985
885,2019-07-26,1,3069
886,2019-03-15,1,944
887,2018-08-15,1,3801
888,2018-01-12,1,1659
889,2019-02-26,1,4317
890,2018-06-18,1,4864
891,2018-05-08,1,237
892,2019-02-05,0,4596
893,2018-12-10,0,54
894,2019-11-22,0,2515
895,2019-12-15,0,3736
896,2019-03-09,0,1403
897,2019-08-05,0,4175
898,2019-02-07,1,1530
899,2018-04-20,0,2718
900,2018-12-06,1,4111
901,2018-09-18,0,1201
902,2018-02-12,0,2059
903,2019-03-22,0,2526
904,2018-01-23,0,451
905,2019-03-28,1,3611
906,2019-03-28,0,4321
907,2018-05-04,0,761
908,2019-09-05,0,4723
909,2018-08-10,1,2214
910,2018-10-08,1,855
911,2018-10-21,0,1509
912,2019-01-01,0,3125
913,2019-07-04,0,2817
914,2018-04-03,1,2905
915,2019-07-06,0,2685
916,2019-07-15,0,2660
917,2019-02-01,1,3267
918,2018-09-14,0,4142
919,2019-11-25,0,3428
920,2019-02-24,0,927
921,2018-03-11,0,4214
922,2019-03-02,0,2324
923,2019-05-20,1,4123
924,2019-01-22,1,1418
925,2018-09-14,0,2818
926,2019-08-19,1,3121
927,2019-12-12,1,259
928,2018-04-27,0,732
929,2018-04-19,1,543
930,2018-08-25,1,1552
931,2019-03-19,0,2241
932,2018-04-26,0,4870
933,2019-11-14,1,2762
934,2019-09-11,1,2640
935,2019-12-19,1,1332
936,2018-06-19,0,899
937,2019-01-07,0,2974
938,2018-05-22,1,1815
939,2018-05-21,0,2889
940,2018-11-17,1,3733
941,2018-12-19,0,1511
942,2019-07-09,1,3363
943,2019-06-01,1,503
944,2018-08-09,0,4016
945,2018-09-01,0,4204
946,2019-12-17,1,3463
947,2019-10-18,1,1842
948,2018-12-09,1,2018
949,2019-09-02,0,721
950,2018-03-19,0,1098
951,2019-06-08,0,4688
952,2019-11-05,0,3273
953,2018-10-27,0,2382
954,2018-06-03,0,1033
955,2018-10-02,1,3838
956,2019-04-03,1,3383
957,2018-03-10,0,426
958,2019-04-07,1,1455
959,2019-07-18,1,1386
960,2019-06-01,1,781
961,2018-03-10,1,3268
962,2019-01-04,1,4989
963,2018-09-10,0,4796
964,2018-07-11,0,2057
965,2019-04-22,1,3585
966,2018-06-28,1,112
967,2019-07-25,0,4735
968,2019-06-13,0,2000
969,2019-07-25,0,1335
970,2018-01-14,0,2748
971,2018-10-11,1,4840
972,2018-01-20,0,2191
973,2018-05-12,0,1979
974,2018-03-06,1,4663
975,2018-01-03,0,2957
976,2018-02-22,1,1196
977,2019-04-02,0,1955
978,2018-07-02,0,2411
979,2018-01-16,1,1292
980,2018-08-25,0,1041
981,2018-05-04,1,1338
982,2018-05-03,0,3387
983,2018-06-21,0,2974
984,2019-01-10,1,2027
985,2019-01-06,0,4781
986,2018-12-27,0,1259
987,2019-04-23,1,4046
988,2019-12-02,1,2986
989,2019-01-17,1,1890
990,2018-03-12,0,249
991,2018-11-01,1,988
992,2018-08-03,0,1221
993,2019-11-16,0,4548
994,2019-01-10,0,3640
995,2019-03-22,1,2741
996,2018-01-12,0,4232
997,2018-05-24,0,4492
998,2018-05-16,0,4758
999,2019-03-16,0,2051
1000,2018-10-22,1,3892
1001,2018-05-05,1,4737
1002,2018-05-24,0,2958
1003,2019-01-17,0,1389
1004,2018-04-24,1,1174
1005,2018-11-04,1,2215
1006,2019-03-07,0,826
1007,2018-07-03,1,2688
1008,2019-02-19,1,2709
1009,2018-04-22,1,3413
1010,2018-10-19,0,4740
1011,2019-10-01,1,1568
1012,2019-07-26,1,947
1013,2019-10-28,0,26
1014,2018-05-16,0,3338
1015,2019-09-21,1,4746
1016,2018-12-22,0,4618
1017,2018-08-04,0,3883
1018,2018-09-18,1,2214
1019,2018-04-05,1,2371
1020,2018-12-25,1,97
1021,2019-05-22,0,3546
1022,2018-07-21,1,3612
1023,2019-12-16,1,4706
1024,2019-10-07,1,4328
1025,2019-10-24,0,3404
1026,2018-11-05,0,2247
1027,2019-12-18,0,3393
1028,2019-09-23,1,3454
1029,2019-04-09,0,2499
1030,2019-04-03,0,3485
1031,2019-10-12,1,2775
1032,2018-05-24,1,464
1033,2018-07-22,1,732
1034,2018-01-27,1,3770
1035,2018-11-19,0,1297
1036,2019-12-09,1,3365
1037,2018-07-07,1,763
1038,2018-01-19,0,2432
1039,2019-12-27,0,37
1040,2019-03-19,1,1350
1041,2019-03-07,0,538
1042,2019-05-10,1,3857
1043,2018-01-08,1,2305
1044,2018-03-11,1,655
1045,2019-08-11,0,2755
1046,2019-10-06,0,4705
1047,2018-04-09,1,4498
1048,2019-09-17,0,1562
1049,2019-10-09,1,2279
1050,2019-12-12,1,4606
1051,2019-06-27,1,3840
1052,2018-05-19,1,2816
1053,2018-09-18,1,4911
1054,2019-12-20,1,1779
1055,2018-11-16,0,427
1056,2018-03-11,0,1396
1057,2018-10-10,1,3242
1058,2019-09-16,0,401
1059,2019-10-13,1,1357
1060,2019-02-18,0,4324
1061,2018-07-18,0,4156
1062,2019-02-14,0,4867
1063,2018-10-11,0,4526
1064,2019-08-02,1,2598
1065,2019-12-06,1,1074
1066,2018-12-21,1,3211
1067,2019-07-25,0,2945
1068,2018-07-18,0,4712
1069,2019-08-21,1,4942
1070,2019-07-14,1,2613
1071,2019-05-04,0,3497
1072,2018-09-28,0,3902
1073,2019-06-17,0,3893
1074,2019-03-09,1,2646
1075,2018-09-21,1,621
1076,2018-09-07,1,2470
1077,2018-10-11,0,2647
1078,2019-03-20,1,2167
1079,2018-03-11,1,4284
1080,2019-08-03,1,4703
1081,2019-05-16,1,2499
1082,2018-10-23,0,3474
1083,2018-01-17,1,504
1084,2018-01-13,0,4158
1085,2018-10-25,1,3666
1086,2018-10-20,1,3157
1087,2018-04-02,1,2601
1088,2019-12-21,1,4148
1089,2019-04-27,0,2514
1090,2018-08-26,1,4925
1091,2018-10-10,0,4803
1092,2018-04-11,1,2714
1093,2018-03-18,1,2441
1094,2019-09-03,1,1084
1095,2019-01-28,0,1558
1096,2019-11-05,1,3095
1097,2018-03-28,1,2174
1098,2019-10-22,1,1838
1099,2019-04-16,0,2181
1100,2018-10-09,1,2359
1101,2018-09-22,0,522
1102,2018-06-03,0,4884
1103,2018-05-05,1,3946
1104,2018-03-14,1,792
1105,2019-12-24,0,2202
1106,2019-07-04,0,825
1107,2018-03-10,1,4561
1108,2018-08-13,1,132
1109,2019-03-11,1,4096
1110,2018-11-03,1,621
1111,2019-04-05,1,3801
1112,2019-11-07,0,3121
1113,2019-06-12,0,2974
1114,2019-07-06,0,3595
1115,2018-02-14,1,4864
1116,2018-05-15,0,4503
1117,2019-05-27,0,4819
1118,2019-12-18,1,443
1119,2019-01-02,1,927
1120,2019-03-23,1,2069
1121,2019-04-12,1,4001
1122,2018-01-04,1,4667
1123,2018-12-06,1,1501
1124,2018-10-06,0,4708
1125,2019-02-20,0,1253
1126,2019-10-22,1,936
1127,2018-05-06,1,974
1128,2018-04-15,1,1251
1129,2018-08-05,1,2705
1130,2018-11-22,1,4714
1131,2019-07-27,1,54
1132,2018-09-06,0,3456
1133,2019-07-01,1,2095
1134,2018-01-27,1,1875
1135,2019-01-22,1,1294
1136,2019-03-26,0,2445
1137,2019-02-09,1,4009
1138,2018-06-06,0,2700
1139,2018-06-16,1,1027
1140,2019-02-12,1,3426
1141,2019-04-04,1,4948
1142,2018-03-05,1,624
1143,2019-04-27,1,602
1144,2019-08-18,0,557
1145,2019-12-17,1,1145
1146,2019-02-23,1,2402
1147,2018-08-14,0,4533
1148,2018-08-18,0,4362
1149,2019-12-17,1,1981
1150,2019-08-23,1,3524
1151,2018-05-18,0,1183
1152,2018-06-28,0,2395
1153,2018-07-22,1,2705
1154,2018-03-09,1,3022
1155,2019-01-06,0,3525
1156,2018-06-22,0,498
1157,2018-06-20,0,3929
1158,2018-03-20,0,3350
1159,2018-02-20,0,1997
1160,2019-05-04,1,4259
1161,2019-11-07,1,522
1162,2018-07-20,1,2078
1163,2018-03-16,1,3091
1164,2018-09-22,1,362
1165,2018-02-19,1,2250
1166,2018-02-21,0,2228
1167,2019-09-05,0,3243
1168,2018-12-01,1,1216
1169,2019-01-08,0,1416
1170,2019-03-23,1,4529
1171,2019-03-19,1,895
1172,2018-06-11,0,4648
1173,2018-03-18,0,2918
1174,2018-12-16,1,4751
1175,2018-08-15,0,773
1176,2018-08-15,0,403
1177,2019-02-25,0,4945
1178,2019-03-24,1,4148
1179,2018-12-17,0,3259
1180,2018-05-14,0,1383
1181,2018-04-27,0,794
1182,2019-02-06,0,3403
1183,2019-02-12,1,1527
1184,2019-10-09,0,2555
1185,2018-04-17,0,184
1186,2019-03-27,0,4440
1187,2018-12-14,0,4554
1188,2018-06-17,1,4274
1189,2018-04-09,1,663
1190,2019-08-02,1,1338
1191,2019-07-24,0,3654
1192,2018-07-26,1,3867
1193,2018-08-26,1,3785
1194,2018-08-25,1,3934
1195,2018-12-09,0,1022
1196,2019-04-16,0,411
1197,2019-10-24,1,3942
1198,2018-10-19,0,4629
1199,2019-06-28,0,2914
1200,2018-03-11,0,3566
1201,2018-03-17,0,4372
1202,2019-09-26,1,2561
1203,2019-12-14,0,4864
1204,2018-08-11,1,4966
1205,2018-03-08,0,792
1206,2019-12-21,1,412
1207,2019-02-10,1,1487
1208,2019-07-22,1,2736
1209,2019-12-07,0,2020
1210,2018-12-20,1,651
1211,2018-04-04,0,2032
1212,2019-03-14,0,3364
1213,2018-04-17,1,3440
1214,2018-01-01,1,1030
1215,2019-01-10,0,4283
1216,2018-04-05,0,3483
1217,2019-05-12,1,2260
1218,2018-03-23,0,4803
1219,2018-10-13,0,696
1220,2019-04-28,1,2383
1221,2019-12-12,1,497
1222,2019-06-10,1,4744
1223,2018-08-17,1,2814
1224,2018-09-20,0,3596
1225,2018-10-09,0,1235
1226,2019-11-03,0,811
1227,2018-03-28,0,4041
1228,2019-07-06,1,2786
1229,2018-04-18,0,3686
1230,2019-12-19,0,4658
1231,2018-03-20,1,41
1232,2019-03-22,0,1053
1233,2019-12-17,0,1851
1234,2019-04-12,0,160
1235,2018-06-11,1,4321
1236,2018-11-10,0,3580
1237,2019-12-28,0,4700
1238,2019-11-01,0,2828
1239,2019-10-22,0,566
1240,2018-08-22,0,431
1241,2018-02-15,0,2138
1242,2018-12-01,0,2192
1243,2019-07-18,1,179
1244,2019-06-12,0,1475
1245,2019-05-03,1,3663
1246,2018-03-25,0,1259
1247,2018-02-23,0,1368
1248,2019-03-14,0,2580
1249,2018-04-20,1,379
1250,2019-11-01,0,3786
1251,2019-01-13,1,4780
1252,2019-04-23,1,4833
1253,2018-06-09,1,4342
1254,2019-06-27,1,2220
1255,2019-07-10,0,2489
1256,2019-01-15,0,751
1257,2019-02-18,0,1811
1258,2018-09-26,0,1843
1259,2019-11-05,0,953
1260,2018-11-25,1,3342
1261,2019-05-28,0,431
1262,2018-02-07,0,3045
1263,2019-02-18,1,398
1264,2019-07-15,0,1943
1265,2019-11-18,0,1233
1266,2018-06-25,0,3385
1267,2019-03-18,1,2034
1268,2018-06-27,0,465
1269,2019-11-03,0,2483
1270,2018-02-15,0,4150
1271,2018-10-22,1,167
1272,2018-09-22,1,3441
1273,2019-05-17,0,2998
1274,2018-07-06,1,1588
1275,2019-09-03,0,4131
1276,2018-09-02,1,3866
1277,2018-12-07,0,1
1278,2019-04-07,1,2125
1279,2019-10-17,0,781
1280,2018-12-28,0,2768
1281,2019-11-23,0,3094
1282,2019-09-06,0,3135
1283,2018-03-28,1,3631
1284,2018-01-23,0,1646
1285,2018-02-06,1,4
1286,2018-02-08,1,3378
1287,2019-08-14,0,3367
1288,2019-10-24,0,2435
1289,2019-02-19,0,2781
1290,2018-12-28,1,3828
1291,2019-05-23,0,435
1292,2018-03-15,0,3544
1293,2019-09-09,0,2980
1294,2019-01-26,1,3192
1295,2018-05-20,1,687
1296,2019-10-15,0,3173
1297,2018-12-04,1,4872
1298,2019-07-15,0,2649
1299,2018-12-19,0,2980
1300,2019-09-26,0,4349
1301,2018-10-27,0,1365
1302,2019-08-11,0,4128
1303,2018-05-03,1,3497
1304,2018-12-07,1,3758
1305,2018-05-16,1,336
1306,2018-02-18,0,78
1307,2019-06-02,1,768
1308,2018-07-08,0,2698
1309,2019-03-10,0,2166
1310,2018-01-22,1,3275
1311,2018-04-04,0,4061
1312,2018-12-10,0,826
1313,2019-06-07,0,4338
1314,2019-07-26,0,3556
1315,2019-04-05,0,3286
1316,2019-10-28,0,1892
1317,2019-01-26,1,2514
1318,2019-12-23,1,3905
1319,2019-07-03,1,4919
1320,2018-08-27,0,1899
1321,2018-07-20,0,4042
1322,2018-04-27,1,1618
1323,2018-12-19,0,1310
1324,2018-04-20,1,2826
1325,2018-03-17,1,2352
1326,2018-11-27,1,4332
1327,2019-12-23,1,1020
1328,2019-02-24,0,1944
1329,2019-01-03,0,2880
1330,2018-09-07,0,1003
1331,2018-09-22,0,1659
1332,2019-02-27,0,1519
1333,2018-03-18,0,2378
1334,2019-01-13,1,4336
1335,2018-03-06,1,3170
1336,2018-07-02,0,2315
1337,2019-01-13,0,3527
1338,2018-06-12,1,2400
1339,2018-11-25,0,3740
1340,2018-02-18,0,2883
1341,2019-03-21,1,574
1342,2018-01-18,1,2876
1343,2018-09-01,0,4332
1344,2018-11-21,0,3737
1345,2019-08-02,0,1050
1346,2019-07-01,1,2982
1347,2018-06-28,1,144
1348,2019-01-02,0,3778
1349,2019-04-10,0,730
1350,2018-04-11,1,3041
1351,2019-12-15,0,3645
1352,2018-07-13,0,1214
1353,2019-12-24,1,2109
1354,2018-03-01,0,1648
1355,2018-04-10,0,349
1356,2019-01-11,0,4523
1357,2019-07-02,1,4715
1358,2018-11-03,1,4219
1359,2018-09-08,1,2461
1360,2018-11-28,0,4951
1361,2019-12-15,1,2315
1362,2019-10-07,1,232
1363,2019-01-12,1,3540
1364,2018-01-10,0,4596
1365,2018-12-05,1,4725
1366,2019-07-03,0,2662
1367,2019-07-01,0,4150
1368,2018-11-06,1,2621
1369,2018-11-17,1,3234
1370,2018-03-07,1,4861
1371,2018-01-01,0,1821
1372,2019-12-26,0,3316
1373,2019-11-19,0,1864
1374,2019-03-23,0,1638
1375,2019-08-16,1,3572
1376,2018-04-08,1,1711
1377,2018-03-14,0,4406
1378,2019-08-11,1,840
1379,2018-01-07,0,1611
1380,2018-08-28,0,1223
1381,2019-04-09,0,265
1382,2019-03-09,1,342
1383,2018-10-25,1,864
1384,2019-04-10,0,4330
1385,2018-04-05,0,3743
1386,2018-10-05,1,1989
1387,2018-05-01,0,1927
1388,2018-07-16,1,3839
1389,2018-09-19,1,3612
1390,2019-01-20,0,4616
1391,2019-01-26,1,3083
1392,2018-10-17,1,4274
1393,2019-03-09,1,2378
1394,2019-11-18,1,3428
1395,2018-10-16,1,2870
1396,2019-06-12,1,4543
1397,2019-03-23,0,1629
1398,2018-04-28,1,1663
1399,2019-04-26,0,3521
1400,2019-01-04,0,2765
1401,2018-01-19,1,1277
1402,2019-11-17,1,2639
1403,2019-03-27,0,4740
1404,2018-10-20,0,4863
1405,2019-04-08,0,410
1406,2018-12-26,0,174
1407,2019-10-10,0,2298
1408,2018-12-10,0,3953
1409,2019-04-16,0,2715
1410,2019-02-24,0,98
1411,2019-04-21,0,4796
1412,2018-03-20,0,1296
1413,2019-08-24,1,4952
1414,2018-02-11,1,4966
1415,2018-07-17,0,4926
1416,2018-03-16,0,3419
1417,2018-06-07,0,2628
1418,2019-03-19,1,2535
1419,2019-02-20,1,4822
1420,2019-03-23,0,3924
1421,2019-04-23,0,3722
1422,2019-10-08,0,2514
1423,2019-06-18,0,4720
1424,2018-03-02,1,3171
1425,2019-03-27,1,1012
1426,2019-04-19,1,1697
1427,2018-10-04,0,3145
1428,2018-05-03,0,466
1429,2018-10-13,0,984
1430,2018-01-14,1,628
1431,2019-05-04,0,826
1432,2019-01-21,0,2918
1433,2018-08-20,1,4313
1434,2018-04-10,1,2151
1435,2019-05-02,1,922
1436,2018-04-14,1,917
1437,2019-03-23,1,2730
1438,2019-10-25,0,4347
1439,2018-10-04,1,693
1440,2019-01-14,0,4406
1441,2018-02-20,1,3393
1442,2018-07-25,0,1769
1443,2018-05-04,1,3725
1444,2019-07-09,0,2890
1445,2018-01-12,0,2383
1446,2019-01-12,1,3385
1447,2019-12-08,0,334
1448,2018-12-16,1,2239
1449,2018-03-26,1,3724
1450,2018-12-05,0,4832
1451,2018-05-07,1,3651
1452,2018-04-22,0,3641
1453,2019-04-11,1,1445
1454,2018-07-21,1,4245
1455,2019-01-13,0,3650
1456,2018-10-11,1,3415
1457,2019-06-21,1,1864
1458,2018-07-24,0,1873
1459,2018-01-11,1,1086
1460,2018-12-02,0,3375
1461,2019-12-01,1,4209
1462,2019-01-17,1,1747
1463,2018-11-05,0,3187
1464,2018-06-13,1,3653
1465,2018-02-19,1,4251
1466,2019-09-27,0,2524
1467,2019-06-08,0,1177
1468,2018-04-19,0,1970
1469,2019-04-09,1,227
1470,2019-12-15,1,4284
1471,2019-06-17,1,3180
1472,2019-05-09,0,2632
1473,2019-08-20,0,3245
1474,2018-02-28,0,1706
1475,2019-07-01,1,3307
1476,2019-01-09,0,3883
1477,2018-12-01,1,3034
1478,2019-08-15,0,3657
1479,2019-08-16,1,4326
1480,2018-08-02,1,235
1481,2019-03-27,1,3647
1482,2018-11-01,1,1189
1483,2019-06-07,0,2995
1484,2019-08-05,1,3588
1485,2018-09-20,1,1633
1486,2019-06-10,1,2719
1487,2018-10-04,0,2667
1488,2019-07-01,0,1050
1489,2019-01-20,0,3186
1490,2018-08-27,0,1704
1491,2018-02-19,0,11
1492,2019-08-20,1,371
1493,2019-02-23,1,1248
1494,2018-04-09,0,1229
1495,2018-10-06,1,3720
1496,2019-08-20,1,4523
1497,2019-07-17,0,1351
1498,2019-09-02,0,254
1499,2019-12-16,1,1019
1500,2019-10-07,0,461
1501,2019-10-23,0,4634
1502,2019-01-14,1,3641
1503,2019-11-27,1,4279
1504,2019-12-22,1,1470
1505,2018-06-14,1,1213
1506,2019-05-28,0,2081
1507,2019-01-09,1,2992
1508,2019-04-11,0,2162
1509,2019-01-01,0,4734
1510,2019-05-04,1,1613
1511,2018-06-14,0,1146
1512,2018-03-10,0,2621
1513,2019-10-04,1,4482
1514,2019-07-27,0,4704
1515,2019-09-25,1,3269
1516,2018-04-13,0,4276
1517,2019-07-18,1,379
1518,2018-01-19,1,3532
1519,2019-02-20,1,1912
1520,2018-09-27,1,3680
1521,2019-05-14,0,1889
1522,2018-06-15,0,529
1523,2019-11-15,0,3695
1524,2019-08-23,0,966
1525,2018-07-27,0,4502
1526,2018-10-05,1,992
1527,2019-04-08,0,1664
1528,2018-02-14,0,3091
1529,2019-07-18,1,4565
1530,2019-06-20,1,2918
1531,2019-05-24,0,2445
1532,2019-05-21,0,751
1533,2019-12-05,1,4686
1534,2018-06-09,0,273
1535,2018-06-03,1,3912
1536,2018-09-08,0,2343
1537,2018-06-15,1,917
1538,2018-01-20,0,3072
1539,2018-09-04,1,4541
1540,2018-08-02,0,1971
1541,2019-09-07,0,200
1542,2018-02-06,1,2235
1543,2018-03-11,1,2100
1544,2019-04-18,0,255
1545,2019-10-13,0,631
1546,2018-09-03,1,3746
1547,2019-07-05,0,3698
1548,2018-05-10,1,3227
1549,2018-05-09,0,1123
1550,2018-11-20,1,1114
1551,2018-11-28,1,1443
1552,2019-12-03,1,1836
1553,2019-12-05,0,992
1554,2018-02-11,0,4051
1555,2019-03-03,0,2180
1556,2018-03-23,0,4129
1557,2019-12-05,0,650
1558,2018-01-06,1,3911
1559,2019-08-24,1,1872
1560,2019-07-11,1,2978
1561,2018-07-04,0,4423
1562,2018-02-21,0,1682
1563,2018-10-21,0,2670
1564,2018-06-09,1,4999
1565,2018-11-19,0,398
1566,2019-06-20,1,633
1567,2018-03-26,1,1293
1568,2018-03-07,1,3477
1569,2019-09-24,0,3108
1570,2018-02-20,0,4837
1571,2019-02-04,1,3409
1572,2019-05-01,1,2978
1573,2018-05-16,1,2164
1574,2019-07-08,0,564
1575,2018-02-26,0,3022
1576,2019-08-10,0,2073
1577,2018-09-14,0,341
1578,2019-07-10,0,1212
1579,2018-05-10,1,2929
1580,2018-04-02,0,2895
1581,2019-09-19,0,1412
1582,2019-05-06,1,1454
1583,2018-04-19,0,475
1584,2018-06-08,0,3995
1585,2019-08-22,0,2033
1586,2018-09-13,0,3018
1587,2019-02-27,0,404
1588,2019-09-25,1,22
1589,2018-01-03,1,1578
1590,2019-05-05,1,4585
1591,2018-07-24,1,3014
1592,2019-08-26,1,1540
1593,2018-01-22,1,267
1594,2019-11-04,1,4984
1595,2019-12-17,1,2727
1596,2018-06-19,0,3370
1597,2019-10-12,0,4539
1598,2018-08-12,1,486
1599,2018-05-12,1,4806
1600,2019-05-28,0,4634
1601,2019-10-19,1,1034
1602,2019-03-25,1,2010
1603,2019-09-10,0,4266
1604,2019-08-19,0,2178
1605,2018-10-22,1,4643
1606,2019-05-26,1,4367
1607,2018-03-09,1,3629
1608,2018-08-16,1,3659
1609,2019-09-18,1,119
1610,2018-06-05,0,1333
1611,2018-06-22,1,3508
1612,2019-03-16,1,4430
1613,2018-07-23,1,4271
1614,2018-01-23,0,2956
1615,2018-06-23,0,1432
1616,2018-04-09,0,2906
1617,2019-11-27,1,4546
1618,2019-06-06,1,2706
1619,2019-02-11,0,3884
1620,2018-02-18,1,3898
1621,2018-11-18,0,1095
1622,2019-10-04,1,3118
1623,2019-11-12,1,4846
1624,2019-02-14,0,3371
1625,2018-01-11,1,4352
1626,2019-05-14,0,4141
1627,2018-12-08,1,1355
1628,2019-09-17,0,1245
1629,2018-04-21,1,3501
1630,2019-09-25,1,1548
1631,2018-05-15,1,1712
1632,2019-07-11,0,3576
1633,2019-07-19,1,682
1634,2018-10-27,1,24
1635,2018-06-25,1,4169
1636,2019-11-21,1,646
1637,2018-03-05,0,3506
1638,2019-02-18,0,2220
1639,2018-09-27,0,2921
1640,2019-03-18,0,2368
1641,2018-06-04,0,4160
1642,2019-02-03,1,888
1643,2019-04-23,1,3724
1644,2018-08-08,0,4353
1645,2019-08-08,0,876
1646,2018-08-18,0,174
1647,2018-01-04,0,3191
1648,2019-05-09,0,4061
1649,2018-01-27,0,4343
1650,2019-10-16,0,1490
1651,2019-05-09,0,3565
1652,2019-03-04,0,4270
1653,2019-05-03,0,3565
1654,2018-06-07,0,845
1655,2018-11-17,1,1602
1656,2018-05-16,0,2706
1657,2018-07-12,1,4240
1658,2018-04-09,1,4171
1659,2019-08-20,0,1073
1660,2018-02-28,0,898
1661,2019-08-16,0,4738
1662,2019-06-27,1,4045
1663,2019-03-04,1,4325
1664,2018-08-16,0,3927
1665,2018-04-03,0,1827
1666,2018-09-23,1,4598
1667,2018-06-11,0,1720
1668,2019-02-12,1,4133
1669,2018-07-08,0,987
1670,2018-07-15,0,2687
1671,2018-04-12,1,2009
1672,2018-08-09,1,1134
1673,2018-12-20,1,2541
1674,2019-09-24,1,4141
1675,2019-12-12,0,4137
1676,2018-09-26,1,4506
1677,2018-07-24,1,464
1678,2019-11-28,0,3516
1679,2018-06-21,0,2834
1680,2018-03-15,0,777
1681,2019-12-20,1,4421
1682,2019-09-27,1,4486
1683,2018-01-15,1,2445
1684,2018-04-09,1,2010
1685,2019-04-18,1,2026
1686,2019-01-14,1,4799
1687,2019-10-20,0,3889
1688,2019-01-10,0,4638
1689,2019-09-17,1,871
1690,2019-11-26,1,3247
1691,2018-08-25,1,2281
1692,2019-03-25,1,3005
1693,2019-05-02,0,3920
1694,2019-12-25,1,556
1695,2018-02-09,0,4743
1696,2018-05-23,1,3847
1697,2019-11-06,0,2548
1698,2019-10-16,0,3138
1699,2018-08-25,0,3266
1700,2018-07-09,0,3294
1701,2018-09-13,1,3423
1702,2019-04-15,1,4169
1703,2019-12-26,0,2405
1704,2018-07-12,0,1101
1705,2019-04-11,0,4363
1706,2018-10-03,0,1570
1707,2018-07-28,1,3828
1708,2019-04-15,0,4354
1709,2018-02-24,1,1276
1710,2018-09-13,0,1890
1711,2018-11-24,0,2579
1712,2018-04-11,0,3777
1713,2019-12-21,0,520
1714,2019-02-15,0,2137
1715,2019-07-08,0,917
1716,2018-07-12,0,3338
1717,2018-03-11,0,1818
1718,2019-09-07,0,4624
1719,2018-05-04,0,1869
1720,2018-06-02,1,4539
1721,2019-01-20,1,1648
1722,2019-10-25,0,176
1723,2018-03-04,1,2111
1724,2019-02-05,0,1524
1725,2019-03-01,1,4049
1726,2018-08-14,0,2326
1727,2018-07-11,1,3776
1728,2018-08-12,0,2
1729,2019-07-07,1,1385
1730,2018-11-24,0,1145
1731,2019-01-11,1,2248
1732,2019-12-02,1,3497
1733,2018-07-16,1,2900
1734,2018-06-08,0,3060
1735,2018-03-20,0,4850
1736,2018-04-27,0,4779
1737,2018-03-15,1,2751
1738,2018-05-03,0,1273
1739,2019-08-20,0,2161
1740,2019-09-07,0,4416
1741,2019-10-05,1,2294
1742,2018-05-24,1,2570
1743,2018-10-10,0,2129
1744,2018-12-02,0,1580
1745,2019-10-21,1,3034
1746,2019-06-21,1,2681
1747,2019-06-02,0,371
1748,2019-01-18,0,1779
1749,2019-11-20,1,4693
1750,2019-10-26,1,3988
1751,2019-05-15,1,1778
1752,2018-01-08,1,4904
1753,2018-11-20,0,1421
1754,2018-06-21,0,2837
1755,2018-07-03,1,2005
1756,2019-03-24,1,4393
1757,2018-09-23,1,2774
1758,2018-05-04,1,923
1759,2018-09-27,0,3450
1760,2018-02-17,0,1376
1761,2019-02-23,0,1014
1762,2019-02-20,1,1022
1763,2018-02-21,0,2901
1764,2019-04-20,0,429
1765,2019-05-21,0,608
1766,2018-08-25,1,3116
1767,2018-09-26,0,502
1768,2018-11-27,1,4777
1769,2018-01-08,0,2037
1770,2018-03-22,1,724
1771,2019-02-01,0,4861
1772,2019-11-19,1,2731
1773,2018-09-05,0,1556
1774,2018-04-03,0,2440
1775,2019-08-18,1,329
1776,2019-03-27,1,3508
1777,2019-07-06,0,1850
1778,2018-01-21,1,3606
1779,2019-08-13,1,2737
1780,2018-08-24,0,2980
1781,2018-06-27,1,1270
1782,2018-10-20,1,4253
1783,2019-05-28,0,781
1784,2018-07-23,1,2664
1785,2019-10-19,0,4274
1786,2019-12-02,1,3867
1787,2018-08-06,1,3407
1788,2018-04-19,0,702
1789,2018-05-05,1,3849
1790,2018-11-25,0,2062
1791,2018-10-08,0,58
1792,2019-05-07,0,4205
1793,2019-10-11,1,2763
1794,2019-10-10,1,2271
1795,2019-07-15,0,1335
1796,2018-06-01,1,2982
1797,2019-04-08,1,956
1798,2018-08-11,0,3011
1799,2018-08-07,0,2897
1800,2018-02-21,1,357
1801,2018-01-21,1,1386
1802,2018-07-08,0,1613
1803,2019-01-21,1,4001
1804,2018-07-25,0,3474
1805,2018-12-22,1,1821
1806,2019-02-09,1,2446
1807,2019-11-01,1,786
1808,2019-09-21,0,4589
1809,2019-11-21,0,887
1810,2018-04-10,1,4667
1811,2018-03-04,0,367
1812,2018-07-16,0,1177
1813,2018-04-27,0,229
1814,2019-10-02,1,2479
1815,2019-11-27,1,2385
1816,2019-06-25,1,1204
1817,2018-07-28,1,2915
1818,2018-09-06,0,3973
1819,2018-02-17,1,711
1820,2018-06-02,1,4379
1821,2019-12-14,0,503
1822,2019-08-17,0,3314
1823,2019-01-09,0,4147
1824,2018-02-15,1,3652
1825,2018-08-23,0,595
1826,2019-03-13,1,3051
1827,2018-10-05,1,1383
1828,2019-04-09,1,4072
1829,2018-08-14,1,2864
1830,2018-11-15,1,1422
1831,2019-07-16,0,1797
1832,2018-06-22,1,1237
1833,2019-06-13,1,3700
1834,2019-09-07,0,1432
1835,2019-06-18,0,4749
1836,2019-04-25,0,2543
1837,2018-03-06,0,1313
1838,2018-03-05,1,182
1839,2018-07-15,0,4323
1840,2018-11-12,1,4550
1841,2018-05-14,0,749
1842,2018-06-22,1,3236
1843,2018-02-08,1,543
1844,2018-12-12,1,756
1845,2019-06-14,0,3308
1846,2018-06-04,0,2595
1847,2018-01-15,1,2375
1848,2018-07-20,1,3660
1849,2019-12-03,0,4685
1850,2018-02-13,1,4825
1851,2018-01-14,0,1219
1852,2019-12-20,1,4481
1853,2018-04-09,1,659
1854,2019-11-03,0,1020
1855,2019-07-09,1,1498
1856,2019-12-01,0,3824
1857,2019-03-01,1,2784
1858,2019-10-26,1,2543
1859,2018-01-17,1,1559
1860,2019-09-04,1,588
1861,2018-12-18,1,2287
1862,2018-02-08,0,2600
1863,2018-03-19,0,3084
1864,2018-04-13,1,1921
1865,2018-12-17,1,50
1866,2018-06-20,0,2342
1867,2018-08-14,1,2932
1868,2019-03-12,0,962
1869,2018-06-05,0,3394
1870,2019-08-07,0,4576
1871,2018-07-08,1,4043
1872,2019-08-16,1,1774
1873,2018-08-08,1,1683
1874,2018-12-13,0,79
1875,2018-04-14,0,2312
1876,2019-08-20,1,1536
1877,2018-04-01,1,21
1878,2019-02-09,0,3011
1879,2018-04-24,0,2362
1880,2019-07-24,1,2596
1881,2018-09-03,1,823
1882,2018-02-27,1,2410
1883,2019-07-20,0,4129
1884,2019-07-04,0,2879
1885,2018-04-19,0,4359
1886,2019-07-01,0,2682
1887,2018-10-25,1,906
1888,2018-03-13,0,270
1889,2019-08-17,1,448
1890,2019-07-03,0,4990
1891,2018-09-01,1,2690
1892,2018-08-12,1,1197
1893,2019-03-04,0,463
1894,2019-11-24,0,4542
1895,2018-10-08,1,3371
1896,2018-06-09,0,243
1897,2018-04-10,0,1028
1898,2018-11-26,1,2274
1899,2018-08-08,1,3623
1900,2018-05-12,1,656
1901,2018-06-15,0,4295
1902,2018-01-15,1,1357
1903,2018-07-08,1,3061
1904,2018-05-25,1,829
1905,2018-08-28,1,1157
1906,2018-09-04,0,3377
1907,2019-01-26,0,2712
1908,2018-02-10,0,3547
1909,2018-07-05,0,764
1910,2019-03-11,1,4808
1911,2019-07-06,1,1621
1912,2018-08-20,1,3744
1913,2018-12-23,0,1649
1914,2019-07-13,0,3764
1915,2019-02-06,0,872
1916,2019-09-13,0,3141
1917,2018-10-14,1,3050
1918,2019-08-14,1,4440
1919,2019-07-28,0,3633
1920,2019-10-09,1,2121
1921,2019-08-05,0,2796
1922,2019-07-16,1,359
1923,2019-12-21,1,2204
1924,2018-11-23,1,1571
1925,2019-02-27,0,1283
1926,2019-05-28,0,397
1927,2019-07-05,0,1989
1928,2018-02-17,0,2279
1929,2018-01-23,1,1715
1930,2019-06-10,0,1476
1931,2019-02-07,0,1228
1932,2018-10-01,0,244
1933,2019-11-15,1,2927
1934,2018-05-09,1,1233
1935,2019-06-21,0,1584
1936,2018-05-21,1,1374
1937,2018-07-07,0,3271
1938,2018-04-13,0,1829
1939,2019-05-05,1,230
1940,2018-01-27,1,4010
1941,2019-03-08,1,824
1942,2019-12-02,1,3681
1943,2018-09-02,1,498
1944,2018-03-23,0,3262
1945,2019-01-24,1,748
1946,2019-10-01,1,4019
1947,2019-09-03,1,2655
1948,2018-09-05,1,2669
1949,2018-05-22,0,4558
1950,2018-02-27,0,3191
1951,2019-12-19,1,2510
1952,2018-05-05,0,2302
1953,2019-09-25,0,322
1954,2018-02-25,1,1568
1955,2019-09-06,1,4741
1956,2019-09-20,1,3506
1957,2019-09-07,0,3552
1958,2019-08-23,1,4921
1959,2018-01-19,0,3064
1960,2018-09-23,1,1002
1961,2019-08-21,1,2306
1962,2019-09-03,1,3582
1963,2019-06-05,0,1927
1964,2018-08-01,1,3565
1965,2019-03-06,0,1838
1966,2018-02-07,0,447
1967,2019-11-12,1,3366
1968,2018-06-14,1,2724
1969,2019-03-11,1,4217
1970,2019-01-07,0,291
1971,2018-04-11,0,2731
1972,2019-02-27,1,3812
1973,2018-02-26,0,4394
1974,2018-05-21,1,4583
1975,2019-04-20,0,3707
1976,2018-04-20,0,3180
1977,2018-11-21,1,3208
1978,2019-04-08,1,3988
1979,2019-05-08,1,1759
1980,2018-02-27,1,3613
1981,2018-03-19,0,4786
1982,2018-07-20,1,4433
1983,2018-03-11,1,2182
1984,2018-11-26,1,812
1985,2019-10-26,0,1975
1986,2018-05-23,0,1275
1987,2019-02-28,1,4671
1988,2018-11-28,1,1190
1989,2019-01-20,0,3972
1990,2018-08-19,1,3694
1991,2019-06-12,0,2308
1992,2018-12-16,1,4796
1993,2019-08-12,1,2439
1994,2019-11-19,1,974
1995,2018-12-04,0,3778
1996,2019-12-23,0,481
1997,2018-04-22,0,667
1998,2019-09-07,1,3609
1999,2018-12-27,1,276
2000,2018-07-20,1,3594
2001,2019-01-10,1,4027
2002,2019-08-23,1,3691
2003,2018-01-17,1,3377
2004,2018-06-08,1,2269
2005,2019-10-27,0,955
2006,2018-12-06,0,3382
2007,2018-12-12,1,2779
2008,2018-01-07,1,4364
2009,2018-06-24,1,548
2010,2018-04-14,0,3627
2011,2018-05-25,0,1645
2012,2018-10-24,1,3469
2013,2019-05-13,1,3499
2014,2019-07-08,0,3039
2015,2019-05-13,1,4837
2016,2018-01-13,1,3244
2017,2019-04-04,1,3113
2018,2018-09-11,1,1862
2019,2019-09-06,1,4545
2020,2018-07-14,1,2377
2021,2018-09-01,1,3222
2022,2018-05-03,1,2450
2023,2018-05-03,1,4207
2024,2018-02-07,1,4746
2025,2018-08-13,0,2573
2026,2019-04-08,0,3866
2027,2019-03-06,0,3351
2028,2018-02-26,1,3784
2029,2018-05-14,1,2295
2030,2018-11-03,0,833
2031,2018-11-06,1,3815
2032,2018-11-07,0,4139
2033,2019-04-03,0,1067
2034,2018-11-12,0,2799
2035,2018-10-04,1,2677
2036,2019-11-23,1,4796
2037,2018-06-04,0,2725
2038,2019-02-07,1,890
2039,2018-06-07,0,1268
2040,2018-02-22,0,3536
2041,2019-03-23,1,703
2042,2019-09-09,0,2334
2043,2019-05-23,1,1718
2044,2019-07-26,0,2059
2045,2019-04-08,0,4151
2046,2019-05-01,1,4593
2047,2018-11-28,1,3436
2048,2019-12-06,1,2459
2049,2018-09-20,0,2881
2050,2019-08-06,1,3633
2051,2018-07-01,1,1883
2052,2019-07-03,0,2871
2053,2018-04-10,1,4108
2054,2018-07-26,0,1885
2055,2019-01-11,1,1924
2056,2018-02-18,0,3900
2057,2019-07-06,1,2011
2058,2019-09-19,1,3987
2059,2019-06-12,0,4237
2060,2018-02-16,0,839
2061,2018-12-04,0,4526
2062,2019-04-07,0,326
2063,2019-12-06,1,2189
2064,2019-09-11,0,2560
2065,2019-07-13,0,2454
2066,2018-02-26,1,4843
2067,2018-05-27,0,1466
2068,2019-05-20,0,4577
2069,2019-06-07,0,4253
2070,2018-01-04,1,319
2071,2019-04-03,1,1036
2072,2019-09-28,0,1467
2073,2019-07-17,0,3557
2074,2018-02-01,0,2206
2075,2018-01-19,1,4797
2076,2019-05-05,0,4222
2077,2019-07-03,0,2967
2078,2019-12-02,0,3000
2079,2018-04-07,0,1971
2080,2018-10-08,0,205
2081,2019-07-18,0,4676
2082,2019-11-22,1,4410
2083,2018-01-24,1,426
2084,2018-07-18,0,2810
2085,2018-02-22,1,3915
2086,2018-12-09,1,1643
2087,2019-05-06,1,151
2088,2019-10-26,0,1005
2089,2019-10-27,0,3140
2090,2019-11-21,0,4191
2091,2018-03-24,1,4536
2092,2019-03-11,0,1505
2093,2018-12-19,0,3532
2094,2019-06-06,0,3945
2095,2019-02-15,1,1902
2096,2018-06-04,0,4826
2097,2018-02-20,0,578
2098,2018-01-20,1,291
2099,2018-09-02,0,4723
2100,2018-12-18,1,966
2101,2018-04-27,1,2361
2102,2018-09-07,0,1686
2103,2019-10-09,1,825
2104,2018-12-02,1,4763
2105,2019-11-05,1,928
2106,2018-07-24,1,2761
2107,2019-02-23,0,3079
2108,2018-01-19,1,1218
2109,2018-11-16,1,4585
2110,2019-06-12,1,2742
2111,2018-02-25,0,3613
2112,2019-01-03,1,2103
2113,2018-07-04,0,522
2114,2019-05-08,0,4235
2115,2018-02-25,1,4888
2116,2019-11-08,0,4791
2117,2019-09-07,1,4115
2118,2018-07-16,0,375
2119,2018-03-15,1,2590
2120,2019-05-20,1,2512
2121,2019-08-21,1,3133
2122,2019-09-03,0,4091
2123,2019-12-03,0,684
2124,2018-01-17,1,3521
2125,2018-08-12,0,4429
2126,2019-03-14,1,4110
2127,2018-11-23,1,3045
2128,2018-12-25,1,4299
2129,2019-09-24,0,4190
2130,2019-10-19,1,91
2131,2018-08-13,0,4527
2132,2019-06-27,0,173
2133,2018-06-12,1,3953
2134,2019-02-12,0,1577
2135,2018-05-19,0,680
2136,2019-12-05,0,3066
2137,2018-01-02,0,4251
2138,2019-10-25,1,3780
2139,2019-03-07,1,215
2140,2019-04-28,0,2417
2141,2018-11-14,0,3745
2142,2019-04-20,1,1208
2143,2018-02-02,0,13
2144,2018-04-09,0,654
2145,2019-05-17,0,2065
2146,2018-03-23,0,947
2147,2019-10-22,1,3976
2148,2019-05-04,0,4533
2149,2018-06-27,1,3215
2150,2019-01-16,1,3306
2151,2019-05-01,0,3311
2152,2019-01-05,1,486
2153,2018-12-14,1,689
2154,2019-07-12,0,452
2155,2018-07-21,1,4433
2156,2019-11-22,0,3736
2157,2018-07-09,1,775
2158,2019-02-10,0,1872
2159,2018-01-18,1,4040
2160,2019-11-26,0,3227
2161,2018-05-20,1,188
2162,2018-02-23,0,2086
2163,2018-02-26,0,54
2164,2019-01-10,1,2936
2165,2019-05-03,1,4431
2166,2018-03-28,1,2774
2167,2019-05-17,1,3970
2168,2019-09-09,0,4567
2169,2018-09-05,1,4065
2170,2018-11-19,1,1748
2171,2019-05-20,1,1811
2172,2019-12-13,1,3285
2173,2019-08-10,0,1434
2174,2018-01-07,1,1472
2175,2018-06-12,1,4434
2176,2019-05-20,1,4391
2177,2018-07-23,1,3771
2178,2019-06-24,0,3224
2179,2018-02-18,0,76
2180,2018-09-19,1,3698
2181,2019-01-05,0,2836
2182,2018-06-18,1,3624
2183,2019-02-06,1,729
2184,2019-07-03,1,4564
2185,2019-11-08,1,4517
2186,2019-08-02,1,4668
2187,2018-10-15,0,3129
2188,2019-04-15,1,43
2189,2019-10-22,1,2572
2190,2018-08-01,1,1236
2191,2019-07-19,0,2039
2192,2018-06-13,1,4386
2193,2019-06-17,1,4415
2194,2019-12-27,1,3685
2195,2019-12-09,1,445
2196,2018-12-26,1,1746
2197,2019-03-06,0,3118
2198,2018-05-28,0,1440
2199,2019-01-12,0,4882
2200,2018-01-02,0,1619
2201,2019-06-03,1,4531
2202,2019-09-24,0,1220
2203,2019-02-03,1,950
2204,2019-04-07,1,480
2205,2018-02-10,0,4535
2206,2018-05-19,0,677
2207,2019-01-05,0,4419
2208,2018-11-08,0,3968
2209,2019-05-10,1,818
2210,2019-05-16,0,1037
2211,2019-10-13,1,812
2212,2018-11-23,1,2652
2213,2019-10-12,1,1139
2214,2019-11-09,1,2392
2215,2018-06-15,0,732
2216,2019-06-20,0,756
2217,2018-01-04,1,1589
2218,2018-03-20,0,4028
2219,2018-08-22,1,1162
2220,2019-04-11,0,3453
2221,2018-08-08,0,2325
2222,2019-10-15,1,1869
2223,2019-07-13,1,3537
2224,2018-04-09,1,3399
2225,2019-10-14,0,220
2226,2018-06-16,1,1420
2227,2018-05-26,1,1584
2228,2018-01-15,0,4112
2229,2019-11-19,0,4311
2230,2018-09-03,1,3029
2231,2018-04-03,1,4268
2232,2019-07-06,0,1108
2233,2018-07-09,0,2758
2234,2019-06-19,1,598
2235,2019-08-15,0,720
2236,2018-11-09,1,4830
2237,2018-06-17,1,3346
2238,2019-05-21,0,4757
2239,2018-01-10,1,4714
2240,2019-02-13,1,4502
2241,2018-02-14,1,2934
2242,2019-05-15,1,867
2243,2018-01-27,0,4891
2244,2019-06-06,0,666
2245,2019-03-05,1,932
2246,2018-11-23,1,3345
2247,2018-01-16,0,1322
2248,2018-08-07,1,2715
2249,2019-03-14,0,4781
2250,2018-01-09,0,4105
2251,2019-11-19,0,3976
2252,2019-07-25,0,1967
2253,2018-06-17,0,3625
2254,2018-02-01,0,543
2255,2019-05-23,1,1516
2256,2019-03-24,0,311
2257,2019-07-14,0,2399
2258,2019-10-28,0,4968
2259,2019-02-07,0,4187
2260,2018-09-25,1,303
2261,2019-09-28,0,470
2262,2018-05-05,1,798
2263,2019-08-24,0,3719
2264,2019-04-13,1,3
2265,2019-11-05,1,2577
2266,2018-10-10,0,4864
2267,2018-01-09,1,4331
2268,2019-01-19,0,4819
2269,2018-01-02,1,479
2270,2018-11-15,1,614
2271,2018-08-01,0,4050
2272,2018-03-22,0,2084
2273,2018-07-25,1,3784
2274,2018-10-06,0,3707
2275,2019-08-18,1,1985
2276,2018-02-17,0,4701
2277,2019-02-12,0,830
2278,2019-08-06,0,2654
2279,2019-03-28,1,3683
2280,2019-06-10,0,1620
2281,2019-10-14,1,2115
2282,2019-01-24,0,594
2283,2018-01-01,1,3069
2284,2019-05-04,0,4110
2285,2018-04-03,0,4467
2286,2018-07-04,0,2599
2287,2018-12-02,0,2533
2288,2019-11-07,0,4954
2289,2018-06-03,0,2271
2290,2019-08-16,1,2146
2291,2018-11-10,1,577
2292,2018-01-07,0,4145
2293,2018-04-01,0,810
2294,2019-11-24,0,4382
2295,2019-10-03,1,85
2296,2019-11-01,1,3633
2297,2018-07-26,0,614
2298,2018-11-22,0,4503
2299,2018-03-26,0,3625
2300,2019-12-25,1,4599
2301,2018-08-07,1,3325
2302,2019-08-24,1,3572
2303,2018-07-11,0,892
2304,2019-09-04,0,2940
2305,2018-05-28,0,4254
2306,2019-01-12,0,2001
2307,2018-01-28,1,3009
2308,2019-05-01,1,1976
2309,2019-04-22,1,3414
2310,2019-05-24,1,1488
2311,2019-12-10,0,2064
2312,2018-08-18,1,2643
2313,2019-11-13,0,1585
2314,2019-08-11,1,790
2315,2019-07-20,1,2433
2316,2019-08-17,1,701
2317,2018-10-25,1,4259
2318,2018-06-08,1,3856
2319,2019-08-22,0,4196
2320,2019-01-21,0,2402
2321,2019-11-16,1,25
2322,2018-05-27,0,3792
2323,2019-09-07,1,3445
2324,2018-04-09,1,4410
2325,2019-09-18,1,4979
2326,2018-03-18,1,707
2327,2019-01-12,0,1967
2328,2019-11-02,0,2026
2329,2019-02-21,0,2659
2330,2018-03-09,0,3206
2331,2019-08-01,0,1487
2332,2019-01-16,1,4615
2333,2019-05-19,0,2692
2334,2018-05-14,1,653
2335,2018-09-13,1,3683
2336,2019-05-15,1,2542
2337,2019-11-09,0,419
2338,2018-08-11,0,2857
2339,2019-03-27,0,1320
2340,2018-11-18,0,2313
2341,2019-10-28,1,3950
2342,2019-12-27,0,2573
2343,2018-12-26,1,3796
2344,2018-02-06,0,947
2345,2019-04-08,1,4138
2346,2019-11-16,0,4755
2347,2019-12-08,1,2221
2348,2018-07-10,1,3778
2349,2019-11-14,0,1367
2350,2019-06-17,0,2873
2351,2018-06-03,0,1058
2352,2018-02-26,0,3391
2353,2019-05-12,0,1386
2354,2018-10-03,0,1957
2355,2018-10-08,0,4538
2356,2019-08-11,1,1725
2357,2019-08-23,0,1418
2358,2019-11-04,0,1997
2359,2019-03-10,0,1334
2360,2018-01-21,0,2263
2361,2018-05-04,1,212
2362,2018-10-25,0,3433
2363,2019-09-04,1,761
2364,2018-03-13,1,205
2365,2019-02-10,1,4149
2366,2019-10-03,0,2304
2367,2019-06-20,0,3131
2368,2018-10-09,1,337
2369,2018-09-15,1,4989
2370,2019-08-02,0,2847
2371,2019-10-16,0,829
2372,2018-11-21,1,2971
2373,2019-12-01,1,550
2374,2018-02-20,1,205
2375,2018-04-20,0,563
2376,2019-12-10,0,1442
2377,2019-05-07,1,3357
2378,2018-07-27,0,3790
2379,2019-04-19,1,4295
2380,2018-09-08,1,2426
2381,2019-09-21,1,4377
2382,2018-08-25,1,509
2383,2019-10-07,1,3299
2384,2019-07-10,0,1283
2385,2019-11-13,0,1498
2386,2019-11-22,0,3280
2387,2019-04-13,0,1416
2388,2019-06-11,0,1673
2389,2019-11-07,0,3038
2390,2018-09-07,1,2238
2391,2019-10-14,1,471
2392,2019-12-02,1,3589
2393,2019-08-12,1,1678
2394,2019-12-09,1,3815
2395,2018-06-17,0,1732
2396,2018-10-09,0,1565
2397,2019-03-18,0,113
2398,2019-05-26,1,55
2399,2018-05-24,0,3394
2400,2019-07-09,0,1841
2401,2019-08-15,1,1546
2402,2018-08-21,0,944
2403,2019-08-23,0,4260
2404,2018-04-05,0,4241
2405,2018-12-27,0,258
2406,2019-09-24,0,3142
2407,2018-10-21,0,4313
2408,2018-05-18,1,3278
2409,2019-09-07,1,117
2410,2019-08-25,0,4945
2411,2018-10-17,1,1691
2412,2018-01-26,1,3897
2413,2018-11-24,1,3615
2414,2018-02-20,0,3869
2415,2018-03-08,0,2306
2416,2019-11-17,1,1387
2417,2019-05-02,0,1042
2418,2019-10-03,1,969
2419,2018-07-07,1,3618
2420,2018-01-16,1,2896
2421,2018-11-22,1,1803
2422,2018-06-17,0,4796
2423,2018-05-23,1,2775
2424,2018-03-13,1,1713
2425,2019-06-18,0,2733
2426,2019-11-02,0,1462
2427,2019-02-02,0,1397
2428,2019-07-08,1,1554
2429,2019-12-19,0,3307
2430,2018-02-08,0,2482
2431,2018-12-11,1,4333
2432,2019-02-26,1,3113
2433,2018-08-22,0,2323
2434,2019-11-11,1,1459
2435,2019-09-02,0,4570
2436,2019-01-06,0,1021
2437,2018-07-16,0,4449
2438,2018-11-12,0,4450
2439,2018-01-28,1,3223
2440,2019-10-03,0,949
2441,2019-09-25,0,1479
2442,2018-05-08,1,3816
2443,2019-08-17,0,248
2444,2019-03-13,1,1387
2445,2019-08-26,1,2738
2446,2019-11-19,0,1332
2447,2018-08-06,0,2767
2448,2019-01-23,0,1896
2449,2019-08-24,0,4278
2450,2019-12-01,1,3569
2451,2019-02-12,1,4503
2452,2018-03-02,1,2522
2453,2018-07-23,0,1758
2454,2019-08-13,1,825
2455,2019-06-24,0,2688
2456,2018-08-24,0,1006
2457,2019-01-06,1,4621
2458,2018-03-10,0,4871
2459,2018-10-03,0,886
2460,2018-02-09,0,192
2461,2018-11-12,1,3183
2462,2018-09-23,0,933
2463,2019-07-28,1,2693
2464,2019-11-06,1,3445
2465,2018-09-12,0,3656
2466,2018-01-15,0,2767
2467,2019-04-09,1,2533
2468,2018-12-24,1,1716
2469,2018-04-01,0,2050
2470,2019-12-04,1,3089
2471,2019-07-10,1,2678
2472,2019-09-28,0,695
2473,2019-07-05,0,1899
2474,2019-11-21,0,1008
2475,2019-11-14,0,2770
2476,2018-06-14,0,1365
2477,2019-04-08,0,3339
2478,2019-01-11,0,2416
2479,2019-12-03,1,3780
2480,2019-02-04,0,89
2481,2018-06-15,1,2323
2482,2018-01-20,1,1928
2483,2018-03-07,1,1870
2484,2019-01-22,0,1595
2485,2019-04-10,1,654
2486,2018-06-28,0,381
2487,2019-01-21,0,2158
2488,2019-05-05,1,3893
2489,2018-08-23,0,2496
2490,2018-11-05,0,2719
2491,2019-03-11,1,2377
2492,2018-02-12,1,1714
2493,2018-10-10,1,4929
2494,2018-12-27,0,3467
2495,2018-06-06,1,3595
2496,2018-11-26,0,4412
2497,2018-01-21,1,1186
2498,2018-02-03,0,3029
2499,2019-06-22,1,2617
2500,2019-07-28,0,1099
2501,2018-06-23,1,4779
2502,2018-02-06,0,1996
2503,2019-09-19,0,1981
2504,2018-06-10,0,1741
2505,2019-05-18,1,2428
2506,2019-03-20,1,1370
2507,2019-04-20,0,3621
2508,2019-05-16,0,484
2509,2019-12-14,1,2271
2510,2018-07-17,0,2297
2511,2019-11-23,1,2483
2512,2019-05-26,0,97
2513,2019-08-02,1,1022
2514,2018-05-27,1,4283
2515,2018-10-16,1,2620
2516,2019-05-12,0,2830
2517,2019-06-04,1,3629
2518,2019-04-25,0,3696
2519,2018-11-11,0,1649
2520,2019-02-27,0,3445
2521,2018-12-25,0,1053
2522,2018-05-17,1,3489
2523,2018-01-12,1,4648
2524,2019-10-01,1,2771
2525,2019-07-16,0,3077
2526,2019-07-24,0,2483
2527,2018-05-08,0,2813
2528,2018-11-13,0,1346
2529,2019-11-21,1,172
2530,2019-04-04,1,4721
2531,2019-11-03,1,4334
2532,2019-10-06,0,411
2533,2019-08-05,1,4186
2534,2019-04-21,0,3550
2535,2019-10-05,0,1318
2536,2018-08-21,1,684
2537,2018-08-18,0,4592
2538,2018-05-12,0,2992
2539,2018-11-06,0,2932
2540,2019-12-23,1,3209
2541,2018-10-03,0,2387
2542,2018-03-16,0,2551
2543,2019-05-09,1,991
2544,2018-04-15,1,2460
2545,2018-07-20,0,3813
2546,2019-09-25,0,3085
2547,2018-07-01,1,1849
2548,2018-07-14,0,1449
2549,2018-04-20,1,4699
2550,2018-06-23,0,1992
2551,2019-07-27,1,3652
2552,2019-11-26,1,1285
2553,2018-12-25,1,1957
2554,2018-05-18,0,3738
2555,2019-11-28,1,4969
2556,2019-11-05,1,103
2557,2018-02-20,0,4375
2558,2019-11-17,1,309
2559,2019-10-08,0,1131
2560,2018-06-14,1,3329
2561,2019-06-04,0,1398
2562,2018-11-19,0,2227
2563,2019-09-20,1,3378
2564,2019-09-21,0,3487
2565,2019-09-04,1,1169
2566,2018-05-18,0,4975
2567,2019-02-22,1,3126
2568,2019-06-17,0,164
2569,2019-12-20,0,383
2570,2019-04-05,1,2908
2571,2018-10-23,1,4072
2572,2018-10-08,1,314
2573,2018-06-04,0,195
2574,2019-10-05,1,2052
2575,2019-09-01,0,1010
2576,2019-10-16,1,1239
2577,2018-07-05,0,2614
2578,2019-10-13,1,2942
2579,2019-05-14,1,1959
2580,2018-03-25,0,4238
2581,2018-08-24,0,4504
2582,2018-01-19,0,3953
2583,2018-01-21,1,3839
2584,2018-10-28,0,889
2585,2018-12-14,0,1212
2586,2019-07-10,0,1232
2587,2018-06-26,0,3470
2588,2019-07-08,1,1028
2589,2018-04-07,1,1728
2590,2019-10-12,1,308
2591,2019-06-20,0,340
2592,2018-12-10,1,1659
2593,2019-12-28,1,1728
2594,2019-04-13,0,4824
2595,2018-11-05,1,2430
2596,2019-05-05,1,4310
2597,2018-10-16,1,3530
2598,2019-08-15,1,370
2599,2019-08-03,1,2874
2600,2019-03-02,0,601
2601,2018-11-17,0,279
2602,2019-03-23,0,4357
2603,2018-01-14,0,3005
2604,2019-07-28,1,3151
2605,2019-02-03,0,489
2606,2018-08-02,0,4928
2607,2018-08-08,1,2047
2608,2019-08-08,1,4651
2609,2019-06-03,0,3557
2610,2018-11-01,1,4408
2611,2019-07-01,0,4189
2612,2019-02-20,0,1720
2613,2019-06-09,1,2898
2614,2018-07-23,1,3678
2615,2018-10-24,0,3835
2616,2018-07-04,1,2624
2617,2019-04-26,1,3429
2618,2019-07-15,0,1543
2619,2018-03-15,1,331
2620,2018-04-08,0,3680
2621,2018-07-05,1,3752
2622,2018-12-08,0,1775
2623,2018-12-08,0,4367
2624,2018-02-23,1,4236
2625,2018-01-06,0,1576
2626,2018-12-19,0,3985
2627,2019-08-10,0,4124
2628,2019-10-20,1,505
2629,2018-09-06,1,3558
2630,2019-04-24,1,2455
2631,2019-12-04,0,2390
2632,2018-06-22,1,2230
2633,2018-04-05,0,624
2634,2019-12-16,0,1642
2635,2018-03-05,0,1821
2636,2018-10-18,1,4784
2637,2018-11-02,0,2345
2638,2019-11-14,1,2489
2639,2018-12-13,1,3427
2640,2019-10-03,0,3532
2641,2019-07-27,1,1510
2642,2019-12-02,1,4386
2643,2019-01-14,0,4994
2644,2019-11-21,0,1912
2645,2019-08-13,1,3916
2646,2019-06-15,1,1096
2647,2018-03-15,1,4880
2648,2019-03-04,0,4800
2649,2018-09-12,1,673
2650,2019-02-10,0,4401
2651,2018-09-08,0,3516
2652,2018-11-15,0,2108
2653,2018-08-12,1,1084
2654,2018-02-28,0,3837
2655,2019-09-04,1,2643
2656,2019-05-16,1,4831
2657,2018-02-13,0,4999
2658,2019-11-01,0,2251
2659,2019-04-17,0,792
2660,2019-01-11,0,2042
2661,2019-07-07,1,932
2662,2019-05-09,0,499
2663,2018-01-19,1,1633
2664,2018-04-17,1,3520
2665,2018-11-12,0,3589
2666,2019-01-27,1,3623
2667,2019-07-12,1,1356
2668,2018-12-04,1,2010
2669,2018-07-22,0,1829
2670,2019-07-03,0,1997
2671,2018-05-15,0,921
2672,2018-06-12,1,3407
2673,2019-03-25,0,3309
2674,2019-04-17,1,4608
2675,2018-08-21,0,811
2676,2019-06-06,0,4920
2677,2019-09-20,1,825
2678,2019-12-09,0,4440
2679,2018-03-25,1,1397
2680,2018-03-01,1,662
2681,2019-05-22,1,3536
2682,2019-05-16,0,3935
2683,2018-05-24,1,1837
2684,2018-05-12,0,4870
2685,2019-01-02,1,4692
2686,2018-06-04,0,862
2687,2019-02-21,0,1991
2688,2019-07-23,0,3212
2689,2018-03-05,0,244
2690,2018-10-01,1,4294
2691,2019-11-01,1,4084
2692,2018-11-26,0,3955
2693,2018-08-17,0,2257
2694,2019-02-10,0,3830
2695,2018-05-06,0,3836
2696,2019-08-01,1,3430
2697,2019-03-06,1,4828
2698,2019-11-10,1,4689
2699,2019-05-13,0,2811
2700,2018-09-04,0,1828
2701,2019-03-13,1,601
2702,2019-12-08,1,1003
2703,2018-08-25,1,2465
2704,2018-03-05,1,4164
2705,2019-11-17,1,2977
2706,2019-02-16,1,4642
2707,2018-10-08,1,2267
2708,2018-05-25,1,1533
2709,2019-03-15,0,509
2710,2019-01-02,1,631
2711,2019-01-04,0,4911
2712,2018-08-14,1,3419
2713,2018-06-07,1,1237
2714,2019-11-06,0,4261
2715,2019-05-02,1,1063
2716,2018-05-22,0,4976
2717,2018-05-25,0,4955
2718,2019-10-23,0,4925
2719,2018-06-04,0,887
2720,2018-05-15,1,1061
2721,2018-04-01,1,4592
2722,2018-04-10,0,898
2723,2019-01-04,1,2030
2724,2019-08-07,0,2254
2725,2018-10-14,0,4649
2726,2018-02-11,0,1404
2727,2019-10-18,0,4161
2728,2019-04-11,1,2762
2729,2018-10-25,0,1801
2730,2018-10-28,0,2018
2731,2018-01-17,1,1827
2732,2018-11-16,0,4253
2733,2018-02-17,0,2601
2734,2019-02-04,1,46
2735,2019-08-22,1,1547
2736,2018-11-09,0,1573
2737,2018-03-19,1,1618
2738,2018-07-14,1,1573
2739,2019-05-13,0,4143
2740,2019-02-20,0,4332
2741,2019-08-02,1,1576
2742,2018-08-16,0,2303
2743,2019-12-03,0,3142
2744,2019-02-14,0,4877
2745,2018-10-19,1,231
2746,2019-01-27,1,233
2747,2019-10-07,1,3340
2748,2019-02-13,0,4370
2749,2019-11-06,0,197
2750,2018-12-13,1,2187
2751,2018-07-14,1,1651
2752,2018-11-05,0,1355
2753,2018-11-16,1,4559
2754,2018-12-22,1,842
2755,2019-03-08,1,4803
2756,2018-06-02,1,477
2757,2018-08-20,0,1621
2758,2019-02-23,1,2538
2759,2018-08-13,0,4747
2760,2019-03-27,0,3712
2761,2018-09-27,0,1715
2762,2018-04-05,1,3030
2763,2018-03-14,1,1609
2764,2018-06-27,1,1783
2765,2018-09-25,0,3793
2766,2019-10-23,1,3329
2767,2018-04-15,0,856
2768,2019-04-17,0,3853
2769,2019-10-06,1,4336
2770,2019-12-27,1,2945
2771,2018-12-26,1,3348
2772,2019-11-24,0,1177
2773,2018-09-01,0,3721
2774,2018-09-12,0,2925
2775,2019-04-01,1,1946
2776,2019-01-01,1,2927
2777,2018-10-11,0,1070
2778,2019-03-16,1,1791
2779,2019-07-14,0,1257
2780,2019-12-13,1,1511
2781,2019-05-04,1,2712
2782,2018-10-24,0,3740
2783,2018-10-27,0,4897
2784,2019-02-21,1,1550
2785,2019-05-16,1,3517
2786,2018-09-04,1,1115
2787,2018-07-07,0,539
2788,2018-02-28,0,2281
2789,2018-02-24,1,3796
2790,2018-07-26,0,2417
2791,2018-07-15,1,1501
2792,2019-10-08,1,2597
2793,2019-07-12,0,56
2794,2019-02-13,0,3582
2795,2018-09-28,1,3769
2796,2019-04-22,1,4578
2797,2018-11-23,1,3019
2798,2019-01-27,1,1484
2799,2019-04-06,1,1322
2800,2019-10-21,1,1738
2801,2019-02-24,1,2756
2802,2018-03-28,0,1438
2803,2018-12-01,0,4684
2804,2018-03-17,0,3387
2805,2018-06-28,1,2522
2806,2018-06-28,0,947
2807,2019-01-08,0,2519
2808,2019-08-15,1,4745
2809,2018-09-14,1,3013
2810,2018-05-03,1,2706
2811,2019-10-12,0,3276
2812,2019-08-01,0,846
2813,2019-09-04,0,1751
2814,2019-09-15,1,831
2815,2019-12-11,1,1705
2816,2019-09-16,1,3312
2817,2019-02-22,1,3953
2818,2018-04-24,1,3370
2819,2019-07-10,0,312
2820,2018-01-12,1,1958
2821,2018-07-07,0,1740
2822,2018-12-16,1,4652
2823,2019-03-20,0,4206
2824,2019-01-20,1,397
2825,2019-11-01,1,3685
2826,2018-05-03,1,4006
2827,2019-10-20,0,1083
2828,2018-01-04,1,4857
2829,2019-04-23,0,4464
2830,2018-10-04,1,4974
2831,2019-05-02,0,1069
2832,2019-11-12,1,856
2833,2019-09-15,1,1781
2834,2019-09-22,0,3044
2835,2019-06-11,1,4068
2836,2019-02-11,1,3520
2837,2019-06-25,1,3518
2838,2018-04-15,0,144
2839,2018-10-01,0,3659
2840,2019-08-17,0,2044
2841,2018-12-09,0,1189
2842,2018-05-13,0,44
2843,2019-05-19,1,869
2844,2018-05-28,0,4928
2845,2019-12-28,1,1574
2846,2018-09-06,1,2047
2847,2018-08-28,1,512
2848,2018-07-06,1,2614
2849,2019-08-06,0,1134
2850,2019-02-18,0,246
2851,2018-02-14,1,3741
2852,2019-08-18,1,923
2853,2019-01-09,1,3072
2854,2019-01-03,0,3426
2855,2019-01-16,0,1480
2856,2018-09-24,0,3306
2857,2019-11-04,1,1828
2858,2018-05-06,0,4205
2859,2019-07-20,0,3333
2860,2019-10-26,1,4579
2861,2019-10-05,1,3932
2862,2019-02-16,0,2350
2863,2018-07-15,1,4362
2864,2018-08-08,0,4073
2865,2018-09-24,0,3014
2866,2018-04-19,0,1721
2867,2018-05-04,1,3346
2868,2018-11-28,0,740
2869,2019-03-03,0,4091
2870,2018-06-25,1,3015
2871,2019-02-10,1,4291
2872,2018-04-05,1,4238
2873,2018-05-23,0,2144
2874,2018-07-06,0,2964
2875,2018-10-13,1,3551
2876,2018-10-08,1,4458
2877,2019-03-16,0,1141
2878,2019-01-18,0,2519
2879,2019-06-14,1,4252
2880,2018-06-08,1,4582
2881,2018-07-14,0,1742
2882,2018-10-28,1,264
2883,2018-11-10,0,487
2884,2018-07-26,1,2632
2885,2019-07-19,1,2501
2886,2018-01-15,0,3568
2887,2018-03-15,1,2192
2888,2018-05-26,1,3588
2889,2019-01-10,1,3656
2890,2019-12-20,1,3188
2891,2019-07-01,1,4157
2892,2018-01-11,1,4120
2893,2019-02-24,1,4030
2894,2018-02-21,1,3413
2895,2018-01-26,1,3858
2896,2018-07-15,1,728
2897,2018-03-19,1,477
2898,2018-10-11,0,3136
2899,2018-07-05,0,219
2900,2018-09-26,1,2922
2901,2018-10-02,1,2783
2902,2018-02-18,0,2246
2903,2019-06-21,1,704
2904,2019-05-22,0,4052
2905,2019-08-22,1,3634
2906,2018-12-23,1,413
2907,2019-10-18,0,756
2908,2019-06-07,1,4216
2909,2018-02-16,0,483
2910,2019-07-22,1,3776
2911,2019-10-10,0,280
2912,2018-10-16,1,1528
2913,2019-04-04,0,1007
2914,2019-01-24,1,2413
2915,2018-12-02,1,726
2916,2019-05-13,0,697
2917,2018-01-28,0,129
2918,2018-09-19,1,3223
2919,2018-10-09,1,3308
2920,2019-02-27,1,3107
2921,2019-11-18,1,2114
2922,2018-03-15,0,4088
2923,2019-06-27,0,1367
2924,2018-08-25,1,947
2925,2019-04-11,0,1202
2926,2018-09-12,0,206
2927,2019-01-09,1,3465
2928,2019-09-23,0,1939
2929,2018-12-04,0,4389
2930,2019-04-28,0,2246
2931,2018-08-19,0,3345
2932,2019-12-21,1,3427
2933,2019-05-18,1,635
2934,2018-04-06,1,3403
2935,2019-12-16,1,4696
2936,2019-11-21,1,4303
2937,2018-11-03,0,787
2938,2018-04-26,1,2895
2939,2018-10-26,0,407
2940,2018-06-09,1,3863
2941,2018-01-18,0,4902
2942,2019-11-19,0,1606
2943,2018-04-11,1,1859
2944,2018-10-17,0,4270
2945,2019-06-25,0,3805
2946,2019-06-05,1,3460
2947,2018-12-14,0,2827
2948,2018-02-01,0,4124
2949,2018-11-17,0,2702
2950,2018-01-07,0,843
2951,2019-08-19,1,258
2952,2019-01-11,1,4907
2953,2019-08-02,0,196
2954,2019-12-02,0,4008
2955,2018-05-20,0,2527
2956,2019-06-05,0,1400
2957,2018-02-15,0,2060
2958,2019-02-13,0,2873
2959,2018-05-03,0,4824
2960,2019-08-04,0,199
2961,2018-09-05,1,3276
2962,2018-10-08,1,1044
2963,2019-09-03,0,3720
2964,2018-04-17,1,4008
2965,2018-04-11,0,126
2966,2019-01-25,0,2315
2967,2018-03-22,0,1611
2968,2019-09-05,1,907
2969,2018-08-15,0,4641
2970,2018-05-23,1,3098
2971,2018-07-16,0,3203
2972,2018-12-06,1,2114
2973,2019-07-27,0,2407
2974,2018-02-28,1,39
2975,2019-08-07,1,2898
2976,2018-08-27,1,3842
2977,2018-05-05,1,4856
2978,2018-01-03,0,2227
2979,2018-11-12,1,2767
2980,2019-05-18,0,4038
2981,2018-01-02,1,2350
2982,2019-08-03,1,4313
2983,2018-09-07,0,964
2984,2018-12-06,0,4591
2985,2018-07-10,0,3440
2986,2018-12-25,1,1887
2987,2019-07-15,1,2026
2988,2018-05-11,0,43
2989,2018-02-20,1,232
2990,2019-06-17,0,3781
2991,2018-07-11,0,4982
2992,2018-04-21,0,2032
2993,2019-07-11,1,2752
2994,2019-12-10,0,2567
2995,2019-12-15,1,1281
2996,2018-04-23,1,4291
2997,2019-06-27,0,100
2998,2019-03-16,0,1142
2999,2018-05-23,1,1815
3000,2018-11-16,1,355
3001,2018-04-22,1,4961
3002,2018-01-06,1,1883
3003,2019-02-25,1,1449
3004,2019-10-12,0,3754
3005,2019-03-27,1,354
3006,2019-06-24,0,3209
3007,2018-12-27,1,4441
3008,2019-11-04,1,3389
3009,2019-07-26,0,375
3010,2019-09-04,1,1145
3011,2018-01-16,1,4052
3012,2019-05-27,1,1772
3013,2018-02-25,0,157
3014,2018-04-16,0,3149
3015,2018-04-03,0,4394
3016,2019-04-14,1,3217
3017,2018-07-26,0,1311
3018,2018-04-01,1,1318
3019,2018-01-06,1,2825
3020,2018-10-14,1,3036
3021,2018-06-07,1,4245
3022,2019-05-01,1,4096
3023,2019-03-17,1,4355
3024,2018-06-11,0,1560
3025,2019-03-15,0,3368
3026,2018-04-18,0,2655
3027,2018-09-09,1,2453
3028,2019-02-18,0,3984
3029,2018-04-02,0,1224
3030,2018-10-23,0,102
3031,2019-07-22,1,3089
3032,2019-06-21,0,855
3033,2018-01-21,1,4665
3034,2018-07-21,0,2427
3035,2018-12-28,0,4461
3036,2018-11-15,0,669
3037,2019-06-13,1,2630
3038,2019-12-17,1,4331
3039,2019-12-09,1,879
3040,2018-03-17,1,2764
3041,2019-02-28,1,3009
3042,2018-08-21,1,3105
3043,2019-10-21,1,2888
3044,2019-04-01,0,4419
3045,2019-09-27,1,4472
3046,2018-09-16,1,55
3047,2019-11-17,1,290
3048,2019-11-03,1,4232
3049,2019-09-26,0,3746
3050,2018-12-16,0,2987
3051,2018-07-12,0,243
3052,2018-11-23,0,2169
3053,2018-07-10,0,1442
3054,2019-01-19,1,3906
3055,2018-05-08,1,182
3056,2018-12-06,1,3335
3057,2018-09-23,1,4414
3058,2018-05-01,0,909
3059,2019-02-11,0,4013
3060,2019-07-25,0,4055
3061,2018-09-25,1,4563
3062,2018-02-06,1,285
3063,2019-11-01,0,2512
3064,2018-11-13,0,4663
3065,2018-10-18,1,2084
3066,2019-01-10,1,1856
3067,2018-06-17,1,2521
3068,2018-07-21,1,1907
3069,2019-09-15,0,4408
3070,2018-02-11,1,944
3071,2019-12-01,1,4443
3072,2018-02-16,1,4499
3073,2018-07-16,0,4085
3074,2018-03-08,0,519
3075,2019-03-18,0,3977
3076,2019-09-12,1,857
3077,2018-04-20,1,1022
3078,2018-06-28,1,2264
3079,2018-03-08,0,1347
3080,2018-12-19,0,2520
3081,2018-08-16,0,2595
3082,2018-01-27,0,63
3083,2019-01-02,1,1289
3084,2018-09-28,0,2259
3085,2018-12-11,1,3474
3086,2019-06-17,1,1632
3087,2019-05-15,1,2810
3088,2019-01-19,0,2266
3089,2019-01-06,1,998
3090,2019-10-13,1,3358
3091,2018-09-16,1,993
3092,2018-03-07,1,2020
3093,2018-03-06,0,4033
3094,2019-10-09,1,4416
3095,2018-02-17,0,3977
3096,2019-07-14,1,2667
3097,2019-11-26,1,136
3098,2018-01-04,0,4246
3099,2019-07-15,0,2063
3100,2018-10-15,0,2310
3101,2018-03-03,0,2824
3102,2018-09-19,0,2685
3103,2019-12-03,0,35
3104,2018-09-21,0,235
3105,2019-03-27,0,3306
3106,2019-03-07,1,3309
3107,2018-08-04,0,1297
3108,2018-12-21,0,4126
3109,2019-09-10,0,2653
3110,2018-04-24,1,4388
3111,2018-06-15,1,1657
3112,2019-05-28,0,925
3113,2019-01-17,1,2566
3114,2018-09-27,0,3831
3115,2018-12-22,1,1532
3116,2018-03-27,1,1570
3117,2018-01-24,1,3281
3118,2019-07-16,1,3303
3119,2018-07-03,0,3369
3120,2019-07-13,0,3931
3121,2019-09-08,1,75
3122,2018-12-09,1,4588
3123,2019-11-23,0,949
3124,2018-08-19,0,3674
3125,2019-03-11,1,1336
3126,2018-07-01,1,2838
3127,2018-09-07,0,20
3128,2018-02-17,1,803
3129,2018-09-17,0,820
3130,2018-09-10,0,4853
3131,2019-01-22,0,3971
3132,2018-05-10,0,4190
3133,2019-10-01,1,1781
3134,2019-08-06,1,4883
3135,2018-07-03,1,1086
3136,2018-07-14,0,354
3137,2018-05-28,1,2708
3138,2018-07-14,0,368
3139,2019-03-21,1,227
3140,2018-09-23,1,2337
3141,2019-12-02,0,805
3142,2018-12-26,1,1202
3143,2019-09-15,0,1623
3144,2019-12-12,1,1372
3145,2019-06-06,0,3814
3146,2019-09-22,0,3201
3147,2019-05-11,1,1787
3148,2018-10-21,1,4186
3149,2019-01-23,1,1300
3150,2019-04-18,0,4571
3151,2018-01-04,0,1341
3152,2019-11-07,1,899
3153,2019-01-02,1,3686
3154,2019-10-28,1,137
3155,2018-12-11,1,3618
3156,2018-01-17,1,1700
3157,2019-09-04,0,3742
3158,2018-11-14,1,4594
3159,2018-10-26,1,3720
3160,2018-08-12,0,4238
3161,2019-04-01,0,3797
3162,2019-05-07,0,2013
3163,2019-12-28,0,2744
3164,2019-10-22,0,3374
3165,2018-06-22,1,3881
3166,2019-07-04,1,1929
3167,2018-08-07,0,4761
3168,2019-08-01,1,629
3169,2019-06-18,0,4377
3170,2019-02-17,1,4788
3171,2018-08-17,1,1701
3172,2019-12-13,0,2585
3173,2018-09-24,1,1467
3174,2019-10-25,1,4934
3175,2018-02-28,1,4774
3176,2019-12-12,0,4345
3177,2019-04-28,1,923
3178,2018-10-06,1,2413
3179,2019-01-10,0,2006
3180,2019-06-05,0,638
3181,2018-04-03,0,2681
3182,2018-07-07,0,925
3183,2018-02-18,0,1696
3184,2018-04-09,1,4791
3185,2018-08-11,0,2728
3186,2019-10-25,0,154
3187,2019-06-18,0,592
3188,2018-08-01,1,3611
3189,2018-06-10,1,1462
3190,2019-10-06,0,1255
3191,2018-09-01,1,2928
3192,2019-07-18,0,3434
3193,2018-07-24,1,3199
3194,2019-03-15,0,3202
3195,2018-01-16,1,1191
3196,2018-10-14,1,1595
3197,2018-10-20,0,4415
3198,2019-01-24,1,177
3199,2019-08-01,0,4349
3200,2018-09-06,0,1026
3201,2019-05-08,1,735
3202,2019-03-10,0,1613
3203,2018-03-21,0,3951
3204,2019-12-10,1,4659
3205,2019-08-13,0,3259
3206,2019-11-01,0,2501
3207,2018-10-03,1,611
3208,2018-05-01,1,386
3209,2018-11-11,1,406
3210,2019-03-25,0,3062
3211,2018-04-03,0,4858
3212,2018-04-10,0,2033
3213,2018-12-05,0,2730
3214,2018-03-22,1,3620
3215,2018-03-10,0,3515
3216,2019-09-15,0,3737
3217,2019-10-14,0,1300
3218,2019-04-18,0,3196
3219,2019-06-27,1,4139
3220,2018-02-14,0,4089
3221,2019-02-19,0,979
3222,2018-06-23,1,3864
3223,2019-07-04,1,749
3224,2018-07-08,0,220
3225,2018-05-08,1,2820
3226,2018-08-13,0,416
3227,2019-02-16,0,1375
3228,2018-09-15,1,3610
3229,2018-05-05,1,260
3230,2019-08-11,0,3307
3231,2018-02-18,0,2846
3232,2019-11-03,1,2869
3233,2019-03-25,1,848
3234,2019-10-23,0,4038
3235,2019-09-15,0,4267
3236,2018-11-05,0,3128
3237,2019-09-22,1,1870
3238,2018-04-09,0,2874
3239,2018-11-15,0,2158
3240,2018-07-03,1,586
3241,2018-09-18,0,4273
3242,2019-06-12,0,3765
3243,2019-09-23,0,3022
3244,2018-03-21,0,2637
3245,2018-12-10,0,2799
3246,2019-10-15,1,2207
3247,2018-04-19,0,2180
3248,2018-08-04,0,3139
3249,2019-01-14,1,186
3250,2019-10-23,0,2475
3251,2019-08-28,1,4387
3252,2018-07-15,1,2197
3253,2018-04-04,0,553
3254,2018-01-27,1,4015
3255,2019-02-24,0,4168
3256,2018-03-09,0,2755
3257,2019-05-24,0,80
3258,2019-04-06,1,935
3259,2019-08-28,0,1347
3260,2019-07-05,0,2900
3261,2018-07-11,0,3795
3262,2019-09-16,1,860
3263,2019-02-19,1,1830
3264,2019-07-11,1,4313
3265,2018-03-07,1,4019
3266,2019-11-23,0,714
3267,2019-06-06,0,761
3268,2018-03-15,1,4009
3269,2018-05-10,0,4197
3270,2018-02-12,1,4149
3271,2019-06-04,1,3193
3272,2018-04-14,1,3679
3273,2019-07-03,1,2704
3274,2019-12-02,1,4778
3275,2019-03-07,1,907
3276,2019-04-02,0,2072
3277,2019-04-21,0,1409
3278,2018-09-12,0,769
3279,2018-01-01,0,4275
3280,2018-01-10,1,1267
3281,2019-09-27,0,3393
3282,2019-12-01,0,82
3283,2019-07-03,1,4806
3284,2019-03-17,0,1458
3285,2019-06-11,0,389
3286,2018-07-01,0,4589
3287,2018-08-17,1,3516
3288,2019-05-09,0,4739
3289,2019-12-13,1,4940
3290,2018-05-02,0,3783
3291,2019-09-23,1,2540
3292,2018-09-13,1,2294
3293,2019-05-16,1,1999
3294,2018-02-25,0,4943
3295,2018-11-12,1,4553
3296,2019-03-12,0,3530
3297,2019-09-17,1,2161
3298,2019-04-15,0,3920
3299,2018-06-13,0,1032
3300,2018-09-15,1,3208
3301,2019-07-15,1,907
3302,2018-11-25,0,4839
3303,2018-04-10,0,3910
3304,2018-05-19,1,3150
3305,2018-07-19,1,4560
3306,2018-02-12,1,4165
3307,2019-12-06,1,2585
3308,2018-02-15,1,1011
3309,2019-03-14,1,1199
3310,2018-02-25,0,3295
3311,2018-10-13,0,2705
3312,2019-08-24,1,4314
3313,2018-06-05,1,1009
3314,2018-03-18,0,3326
3315,2018-04-20,1,2360
3316,2018-12-08,0,914
3317,2018-09-12,1,4319
3318,2019-08-24,0,4052
3319,2019-03-18,0,4370
3320,2018-11-10,1,908
3321,2019-03-03,0,1508
3322,2019-06-21,1,4184
3323,2018-08-18,0,748
3324,2019-09-12,0,2604
3325,2018-09-11,0,340
3326,2019-02-01,0,318
3327,2019-07-18,1,3009
3328,2018-01-09,1,3367
3329,2018-02-14,1,580
3330,2019-06-25,0,4808
3331,2019-07-06,1,286
3332,2019-01-24,1,1335
3333,2018-11-21,0,4972
3334,2018-03-27,1,2662
3335,2019-08-16,0,4548
3336,2018-07-11,1,4029
3337,2018-06-03,1,4516
3338,2019-04-15,1,3226
3339,2018-02-21,0,2707
3340,2018-07-25,0,4259
3341,2019-09-04,1,1408
3342,2018-09-06,0,1280
3343,2019-01-07,0,1309
3344,2019-01-20,1,190
3345,2018-11-14,0,2280
3346,2019-11-04,0,3081
3347,2019-10-09,0,1354
3348,2018-01-17,0,4187
3349,2019-01-17,1,4127
3350,2018-10-12,1,3830
3351,2018-11-11,0,1269
3352,2019-11-16,1,85
3353,2018-09-23,0,1432
3354,2019-01-14,1,3903
3355,2019-11-18,0,2588
3356,2018-08-27,1,3026
3357,2019-02-16,1,3278
3358,2018-12-13,0,1555
3359,2019-06-14,0,2151
3360,2019-09-08,0,2873
3361,2018-01-15,1,228
3362,2019-03-17,1,2499
3363,2019-09-03,0,540
3364,2019-02-21,0,415
3365,2019-01-24,0,3959
3366,2018-08-19,1,371
3367,2019-11-25,0,2816
3368,2019-01-08,1,2349
3369,2018-01-06,0,722
3370,2019-04-06,0,3942
3371,2019-11-15,1,2686
3372,2019-07-23,0,2777
3373,2019-02-19,0,166
3374,2019-06-03,1,2796
3375,2019-01-24,1,2715
3376,2018-09-23,0,2664
3377,2018-10-14,1,153
3378,2018-06-27,1,1333
3379,2019-07-24,0,2815
3380,2019-12-01,0,3148
3381,2018-06-26,1,2407
3382,2018-08-04,0,619
3383,2019-06-22,0,4509
3384,2019-08-28,0,665
3385,2018-06-20,0,633
3386,2018-11-13,1,1546
3387,2018-09-05,0,4761
3388,2019-08-24,1,3575
3389,2018-11-07,1,2527
3390,2019-12-19,0,4852
3391,2019-07-18,0,2936
3392,2018-11-06,0,4249
3393,2019-10-16,0,189
3394,2018-02-02,0,3223
3395,2019-04-26,0,3164
3396,2019-01-09,0,588
3397,2018-05-16,1,2950
3398,2018-04-09,0,3391
3399,2019-04-22,0,131
3400,2019-06-12,0,4173
3401,2018-05-14,1,1553
3402,2018-08-10,1,1623
3403,2018-08-09,0,4742
3404,2019-12-24,0,1722
3405,2019-04-26,0,2971
3406,2019-08-26,0,3898
3407,2019-07-24,1,2182
3408,2019-04-14,1,4840
3409,2018-10-13,1,3820
3410,2018-03-28,0,4768
3411,2018-03-04,1,3523
3412,2019-12-23,0,2541
3413,2019-09-24,1,36
3414,2018-01-09,1,2337
3415,2019-11-28,0,146
3416,2019-12-03,1,2457
3417,2018-11-22,1,3005
3418,2018-12-16,0,3689
3419,2018-08-09,1,90
3420,2018-11-27,0,4506
3421,2019-01-14,1,653
3422,2018-12-14,1,2397
3423,2019-02-04,0,718
3424,2019-06-05,1,203
3425,2018-03-14,0,3234
3426,2019-04-09,1,4834
3427,2019-12-07,1,2065
3428,2018-12-24,0,335
3429,2019-01-17,1,2280
3430,2018-02-10,1,1825
3431,2018-02-22,0,4511
3432,2019-10-04,0,1446
3433,2019-05-10,0,4630
3434,2019-01-14,1,289
3435,2019-03-21,0,3804
3436,2018-12-18,1,3074
3437,2019-03-20,0,973
3438,2019-02-15,1,811
3439,2019-01-15,1,2060
3440,2018-05-03,0,1364
3441,2019-06-20,1,4734
3442,2019-02-02,0,1784
3443,2019-12-02,0,1599
3444,2019-03-24,1,957
3445,2019-12-11,0,1005
3446,2019-07-06,0,384
3447,2019-07-21,0,1415
3448,2018-12-22,1,4167
3449,2019-02-12,0,2949
3450,2018-01-23,1,4420
3451,2018-11-19,1,310
3452,2018-12-03,0,156
3453,2018-05-08,0,893
3454,2018-03-06,0,211
3455,2019-10-18,1,4502
3456,2018-08-09,0,3074
3457,2018-11-10,0,404
3458,2019-03-16,1,1175
3459,2019-10-10,1,4898
3460,2019-12-15,0,2644
3461,2019-03-03,0,2781
3462,2018-12-27,1,4347
3463,2019-03-08,0,4013
3464,2019-08-17,0,776
3465,2019-12-01,0,3505
3466,2019-02-03,1,4774
3467,2019-05-21,1,246
3468,2018-03-25,1,634
3469,2019-10-20,0,2678
3470,2018-04-08,1,1516
3471,2018-10-25,0,2560
3472,2018-09-07,0,3226
3473,2018-09-08,1,3870
3474,2019-11-27,1,1154
3475,2019-08-01,0,4011
3476,2019-08-02,1,436
3477,2019-04-10,0,3461
3478,2018-09-03,0,234
3479,2018-01-16,1,3969
3480,2018-09-28,1,1628
3481,2019-09-28,1,4638
3482,2018-01-09,0,718
3483,2018-08-16,1,2118
3484,2018-01-17,1,2184
3485,2018-08-15,1,1800
3486,2019-05-24,1,2050
3487,2019-02-08,1,4722
3488,2018-10-21,1,492
3489,2018-11-19,1,2202
3490,2018-06-05,1,4102
3491,2018-08-23,0,623
3492,2018-02-02,0,4233
3493,2019-07-28,1,3183
3494,2018-09-20,1,1251
3495,2018-06-26,1,931
3496,2018-07-04,1,1499
3497,2019-10-19,0,4767
3498,2019-12-23,0,3591
3499,2018-10-01,0,443
3500,2018-11-01,1,645
3501,2018-11-05,1,2351
3502,2018-06-20,0,4549
3503,2018-03-24,1,297
3504,2018-01-27,0,3570
3505,2019-05-01,0,551
3506,2018-10-28,1,4854
3507,2019-09-11,0,463
3508,2019-11-05,1,1518
3509,2018-09-18,1,1691
3510,2019-04-04,1,150
3511,2018-10-24,0,4141
3512,2019-08-27,0,855
3513,2019-05-23,1,1274
3514,2018-01-08,1,2536
3515,2018-06-03,0,766
3516,2019-12-08,1,4200
3517,2019-01-25,1,4166
3518,2019-12-07,1,658
3519,2019-02-18,0,4814
3520,2019-08-04,0,3799
3521,2018-05-28,0,1279
3522,2019-12-08,0,3444
3523,2018-07-08,1,3934
3524,2018-10-13,0,1553
3525,2019-07-27,1,1495
3526,2018-04-19,1,2428
3527,2018-08-11,1,1017
3528,2019-10-10,1,993
3529,2018-08-08,1,3796
3530,2018-03-17,1,758
3531,2018-10-28,0,4413
3532,2019-02-23,0,2507
3533,2018-02-11,1,693
3534,2019-05-28,0,3541
3535,2019-04-09,0,2804
3536,2018-11-06,0,2460
3537,2018-04-02,0,1428
3538,2019-08-06,0,4965
3539,2018-11-18,0,4593
3540,2018-06-28,1,3211
3541,2018-06-05,0,3980
3542,2018-02-03,0,4966
3543,2018-06-06,0,1951
3544,2019-11-19,0,4695
3545,2019-10-09,1,1916
3546,2019-11-15,0,3052
3547,2018-02-07,1,2730
3548,2019-04-24,0,4933
3549,2018-06-10,0,739
3550,2019-02-21,1,2320
3551,2018-03-19,1,3158
3552,2019-01-23,0,653
3553,2018-12-18,1,3299
3554,2018-01-13,0,1844
3555,2018-02-09,1,403
3556,2019-02-22,0,3700
3557,2019-09-07,0,2274
3558,2019-10-24,1,4297
3559,2019-07-08,1,2629
3560,2018-06-18,0,4115
3561,2019-02-22,1,218
3562,2019-01-27,0,190
3563,2018-09-15,1,2595
3564,2018-08-17,1,4238
3565,2018-08-11,0,4059
3566,2019-06-01,1,1268
3567,2018-02-27,0,2696
3568,2018-05-25,0,4093
3569,2018-06-22,0,76
3570,2019-02-28,0,173
3571,2018-03-06,0,597
3572,2018-10-28,1,4103
3573,2018-05-23,0,4889
3574,2019-06-06,1,2698
3575,2019-09-12,1,667
3576,2019-01-04,1,3247
3577,2019-12-05,0,2811
3578,2018-08-27,0,1142
3579,2018-02-05,0,728
3580,2018-07-25,1,2681
3581,2019-11-24,1,855
3582,2018-06-15,1,4506
3583,2018-10-28,1,1353
3584,2019-04-04,0,491
3585,2018-11-18,0,4031
3586,2018-08-23,1,1485
3587,2018-02-02,0,1367
3588,2018-10-15,1,1524
3589,2018-06-17,1,1051
3590,2018-12-27,1,1253
3591,2018-08-10,1,3750
3592,2019-02-07,1,3881
3593,2018-01-02,0,519
3594,2018-05-26,0,1326
3595,2018-08-05,1,776
3596,2018-12-08,1,2107
3597,2018-12-12,1,2575
3598,2018-09-21,0,197
3599,2018-12-02,1,4538
3600,2018-06-22,0,4729
3601,2018-02-28,1,4696
3602,2018-03-01,0,719
3603,2018-09-07,1,150
3604,2018-11-27,1,1246
3605,2018-08-17,0,3593
3606,2018-06-03,0,4865
3607,2018-02-20,1,4062
3608,2019-03-24,1,1409
3609,2018-05-24,0,225
3610,2018-06-06,1,2599
3611,2018-06-10,0,2819
3612,2018-02-15,1,4600
3613,2018-04-13,0,757
3614,2019-12-19,0,2226
3615,2019-01-14,1,2424
3616,2018-05-06,0,2368
3617,2018-07-07,1,2375
3618,2018-10-27,0,612
3619,2018-11-08,0,4882
3620,2019-12-24,0,4986
3621,2019-02-08,0,4786
3622,2018-09-16,0,2869
3623,2018-02-20,0,127
3624,2019-09-17,0,2344
3625,2019-01-15,1,1957
3626,2018-11-04,0,1634
3627,2019-10-03,1,2956
3628,2018-03-23,0,2193
3629,2019-10-05,0,1856
3630,2018-09-14,1,4215
3631,2019-01-12,0,785
3632,2018-12-22,0,1774
3633,2019-05-05,0,2813
3634,2019-06-07,1,2653
3635,2019-05-03,1,2415
3636,2018-08-02,1,415
3637,2019-06-05,0,3932
3638,2019-09-18,1,4370
3639,2019-11-02,1,2167
3640,2019-07-22,0,264
3641,2018-08-10,0,4862
3642,2019-07-17,1,2254
3643,2018-01-22,1,3334
3644,2019-10-18,0,1795
3645,2018-01-19,0,2482
3646,2018-11-01,0,2951
3647,2018-05-27,0,4202
3648,2018-08-03,1,781
3649,2018-10-27,1,79
3650,2018-03-17,1,1833
3651,2018-06-09,1,1750
3652,2018-06-21,0,389
3653,2019-09-13,0,2926
3654,2018-10-24,0,2003
3655,2019-10-22,1,2421
3656,2018-04-14,0,634
3657,2018-07-19,0,2650
3658,2018-02-22,0,2616
3659,2018-02-27,1,4630
3660,2019-11-19,0,1937
3661,2019-02-02,1,3004
3662,2019-09-14,0,876
3663,2019-01-15,1,2059
3664,2019-07-26,1,765
3665,2019-05-03,0,3673
3666,2019-11-07,0,4068
3667,2019-07-23,0,3470
3668,2018-01-20,0,2838
3669,2018-07-06,1,1436
3670,2018-12-23,0,4493
3671,2019-12-09,0,3622
3672,2018-10-22,0,4087
3673,2018-07-27,0,1129
3674,2019-03-14,0,756
3675,2018-12-14,0,333
3676,2018-05-04,1,105
3677,2018-10-14,1,325
3678,2019-11-26,0,2134
3679,2018-01-09,1,943
3680,2018-02-21,0,2566
3681,2018-01-22,1,2950
3682,2019-11-26,0,3549
3683,2018-03-04,1,440
3684,2019-07-18,1,615
3685,2018-05-02,1,1774
3686,2019-12-23,0,3330
3687,2019-05-15,0,4168
3688,2018-10-26,1,1842
3689,2019-07-10,1,542
3690,2018-12-03,1,3502
3691,2019-04-02,0,4567
3692,2019-04-01,1,3813
3693,2019-01-19,1,1174
3694,2018-09-24,1,736
3695,2019-04-16,0,2591
3696,2018-03-01,1,2629
3697,2018-04-28,0,4840
3698,2019-03-19,0,1671
3699,2019-04-23,0,2088
3700,2019-05-22,1,1095
3701,2018-04-02,1,18
3702,2018-09-24,1,4318
3703,2018-11-26,1,2645
3704,2018-07-14,0,1916
3705,2018-03-26,0,1139
3706,2018-12-20,1,3400
3707,2019-01-20,1,4981
3708,2018-11-23,1,710
3709,2018-01-14,1,1289
3710,2018-04-22,0,856
3711,2019-05-19,0,1075
3712,2018-10-11,1,3091
3713,2019-06-12,0,1974
3714,2018-11-17,0,4420
3715,2019-08-03,1,489
3716,2019-03-16,0,3542
3717,2019-09-14,1,1244
3718,2018-06-24,1,4582
3719,2018-12-16,1,906
3720,2018-05-04,0,39
3721,2018-12-22,1,3207
3722,2019-01-23,0,2811
3723,2018-04-22,0,4790
3724,2019-12-18,1,1243
3725,2018-05-22,0,459
3726,2019-07-08,1,17
3727,2018-08-16,1,1420
3728,2019-06-01,1,2308
3729,2019-01-01,0,2935
3730,2018-06-18,1,4941
3731,2018-02-26,0,4835
3732,2019-09-03,1,2667
3733,2019-02-20,0,3116
3734,2019-11-13,0,1145
3735,2018-01-15,0,1048
3736,2019-09-02,0,1111
3737,2019-01-09,1,1653
3738,2019-10-19,0,2732
3739,2019-08-16,0,1499
3740,2018-12-04,1,1643
3741,2019-10-27,0,1234
3742,2018-06-06,0,4203
3743,2018-02-16,1,3511
3744,2019-11-03,1,1575
3745,2019-04-21,1,3878
3746,2018-07-03,0,3208
3747,2019-02-18,0,1597
3748,2018-01-04,1,2082
3749,2018-07-07,1,4077
3750,2018-01-05,0,494